Workbook

Sheet 2026-27 A.Y. I Sem
A1: 2026-27 A.Y. I Sem B.Tech Nominal Rolls
A2: S.No. | B2: S.No. | C2: Yr/Sem. | D2: Department | E2: Section | F2: Yr/Br/Sc | G2: Roll Number | H2: Student Name | I2: Father Name | J2: Mother Name | K2: Gender | L2: Student Mobile.No | M2: Parent Mobile.No | N2: Aadhaar No. | O2: email ID
A3: =ROW()-ROW($A$2) -> 1 | B3: =ROW()-ROW($A$2) -> 1 | C3: IV-I | D3: ECE | E3: A | F3: =CONCATENATE(C3," ",D3,"-",E3) -> IV-I ECE-A | G3: 22VE1A0441 | H3: NANDIKONDA SRI CHARAN REDDY | I3: NANDIKONDA SRINIVAS REDDY | K3: Male | L3: 8520985630 | M3: 8520985630 | N3: 591964569065 | O3: charanreddy4682@gmail.com
A4: =ROW()-ROW($A$2) -> 2 | B4: =ROW()-ROW($A$2) -> 2 | C4: IV-I | D4: ECE | E4: A | F4: =CONCATENATE(C4," ",D4,"-",E4) -> IV-I ECE-A | G4: 23VE1A0401 | H4: ADEPU SHIVAMANI | I4: ADEPU BHAVANARUSHI | J4: ADEPU KAVITHA | K4: Male | L4: 9347569003 | M4: 9553246503 | N4: 323383968153 | O4: shivamaniadepu@gmail.com
A5: =ROW()-ROW($A$2) -> 3 | B5: =ROW()-ROW($A$2) -> 3 | C5: IV-I | D5: ECE | E5: A | F5: =CONCATENATE(C5," ",D5,"-",E5) -> IV-I ECE-A | G5: 23VE1A0402 | H5: AKARAPU VENNELA | I5: AKARAPU VENKANNA | J5: AKARAPU NAGAMMA | K5: Female | L5: 7386452106 | M5: 8074190985 | N5: 560346024361 | O5: akarapuvennela06@gmail.com
A6: =ROW()-ROW($A$2) -> 4 | B6: =ROW()-ROW($A$2) -> 4 | C6: IV-I | D6: ECE | E6: A | F6: =CONCATENATE(C6," ",D6,"-",E6) -> IV-I ECE-A | G6: 23VE1A0403 | H6: BADAM NAVEEN KUMAR REDDY | I6: BADAM BALA KRISHNA REDDY | J6: BADAM MALLESWARI | K6: Male | L6: 9959162064 | M6: 9705442685 | N6: 522812147240 | O6: badamnaveenkumarreddy@gmail.com
A7: =ROW()-ROW($A$2) -> 5 | B7: =ROW()-ROW($A$2) -> 5 | C7: IV-I | D7: ECE | E7: A | F7: =CONCATENATE(C7," ",D7,"-",E7) -> IV-I ECE-A | G7: 23VE1A0404 | H7: BALAGONI VAISHNAVI | I7: BALAGONI SATYANARAYANA GOUD | J7: BALAGONI NAGAMANI | K7: Female | L7: 6281300408 | M7: 9966308420 | N7: 497645323713 | O7: vaishubalagoni@gmail.com
A8: =ROW()-ROW($A$2) -> 6 | B8: =ROW()-ROW($A$2) -> 6 | C8: IV-I | D8: ECE | E8: A | F8: =CONCATENATE(C8," ",D8,"-",E8) -> IV-I ECE-A | G8: 23VE1A0405 | H8: BATHALA SHASHANK SHREEVATHSAV | I8: BATHALA SUBBARAYUDU | J8: BATHALA LAKSHMI KALA | K8: Male | L8: 6304957156 | M8: 9849716240 | N8: 433340610978 | O8: shashanksreevathsav@gmail.com
A9: =ROW()-ROW($A$2) -> 7 | B9: =ROW()-ROW($A$2) -> 7 | C9: IV-I | D9: ECE | E9: A | F9: =CONCATENATE(C9," ",D9,"-",E9) -> IV-I ECE-A | G9: 23VE1A0406 | H9: BEEMAGANI RANADEEP | I9: BEEMAGANI SRINIVAS | J9: BEEMAGANI RENUKA | K9: Male | L9: 6302491074 | M9: 7672093862 | N9: 461593411121 | O9: ranadeepranadeep93@gmail.com
A10: =ROW()-ROW($A$2) -> 8 | B10: =ROW()-ROW($A$2) -> 8 | C10: IV-I | D10: ECE | E10: A | F10: =CONCATENATE(C10," ",D10,"-",E10) -> IV-I ECE-A | G10: 23VE1A0407 | H10: BHIMIREDDY DHRUVA REDDY | I10: BHIMIREDDY LAKSHMA REDDY | J10: ALLA PREMA SAI | K10: Male | L10: 8341459860 | M10: 8341119860 | N10: 8933-2149-8455 | O10: premaalla@gmail.com
A11: =ROW()-ROW($A$2) -> 9 | B11: =ROW()-ROW($A$2) -> 9 | C11: IV-I | D11: ECE | E11: A | F11: =CONCATENATE(C11," ",D11,"-",E11) -> IV-I ECE-A | G11: 23VE1A0408 | H11: CHANDRAGIRI JAI RISHI CHANDRA | I11: CHANDRA GIRI RAVI CHANDER | J11: K SATYA SRILAXMI | K11: Male | L11: 6300515210 | M11: 9666477788 | N11: 891859912535 | O11: jaic425@gmail.com
A12: =ROW()-ROW($A$2) -> 10 | B12: =ROW()-ROW($A$2) -> 10 | C12: IV-I | D12: ECE | E12: A | F12: =CONCATENATE(C12," ",D12,"-",E12) -> IV-I ECE-A | G12: 23VE1A0409 | H12: CHIMMULA SAI PRAKASH REDDY | I12: CHIMMULA SRINIVAS REDDY | J12: CHIMMULA NIRMALA | K12: Male | L12: 9398829765 | M12: 9848242351 | N12: 355746300248 | O12: saiprakashreddychimmula@gmail.com
A13: =ROW()-ROW($A$2) -> 11 | B13: =ROW()-ROW($A$2) -> 11 | C13: IV-I | D13: ECE | E13: A | F13: =CONCATENATE(C13," ",D13,"-",E13) -> IV-I ECE-A | G13: 23VE1A0410 | H13: CHINTHALA HARIKESH REDDY | I13: CHINTHALA RAMESH REDDY | J13: CHINTHALA SARITHA | K13: Male | L13: 7842842616 | M13: 8328536223 | N13: 294290360496 | O13: chharikeshreddy@gmail.com
A14: =ROW()-ROW($A$2) -> 12 | B14: =ROW()-ROW($A$2) -> 12 | C14: IV-I | D14: ECE | E14: A | F14: =CONCATENATE(C14," ",D14,"-",E14) -> IV-I ECE-A | G14: 23VE1A0411 | H14: CILAVENI NIKIT SAI | I14: CILAVENI SRINIVAS | J14: CILAVENI PADMA | K14: Male | L14: 8555803893 | M14: 9618026175 | N14: 545104930998 | O14: cilaveninikitsai@gmail.com
A15: =ROW()-ROW($A$2) -> 13 | B15: =ROW()-ROW($A$2) -> 13 | C15: IV-I | D15: ECE | E15: A | F15: =CONCATENATE(C15," ",D15,"-",E15) -> IV-I ECE-A | G15: 23VE1A0412 | H15: DARAPUREDDY VENKATA SATYA PRANEETH | I15: D YOGI PRASAD | J15: D BANNIKESWARI | K15: Male | L15: 9390632117 | M15: 9000237125 | N15: 853389467637 | O15: Praneeth5642@gmail.com
A16: =ROW()-ROW($A$2) -> 14 | B16: =ROW()-ROW($A$2) -> 14 | C16: IV-I | D16: ECE | E16: A | F16: =CONCATENATE(C16," ",D16,"-",E16) -> IV-I ECE-A | G16: 23VE1A0413 | H16: DASARI NIKHIL KUMAR | I16: DASARI SOMAIAH | J16: DASARI YADAMMA | K16: Male | L16: 9010304030 | M16: 9985825029 | N16: 668488062358 | O16: d.nikhilkumar44@gmail.com
A17: =ROW()-ROW($A$2) -> 15 | B17: =ROW()-ROW($A$2) -> 15 | C17: IV-I | D17: ECE | E17: A | F17: =CONCATENATE(C17," ",D17,"-",E17) -> IV-I ECE-A | G17: 23VE1A0414 | H17: DONTHARA BOINA CHINMAI | I17: DONTHARA BOINA NARAYANA | J17: DONTHARA BOINA NAGAMANI | K17: Female | L17: 7386315609 | M17: 9490536168 | N17: 848631953925 | O17: chinmaidontharaboina@gmail.com
A18: =ROW()-ROW($A$2) -> 16 | B18: =ROW()-ROW($A$2) -> 16 | C18: IV-I | D18: ECE | E18: A | F18: =CONCATENATE(C18," ",D18,"-",E18) -> IV-I ECE-A | G18: 23VE1A0415 | H18: GONE BHANU CHARAN | I18: GONE SANDEEP KUMAR | J18: GONE KRANTHI | K18: Male | L18: 8374539678 | M18: 9949910023 | N18: 358455137285 | O18: gonebhanucharan9@gmail.com
A19: =ROW()-ROW($A$2) -> 17 | B19: =ROW()-ROW($A$2) -> 17 | C19: IV-I | D19: ECE | E19: A | F19: =CONCATENATE(C19," ",D19,"-",E19) -> IV-I ECE-A | G19: 23VE1A0416 | H19: GUGULOTH GANESH | I19: GUGULOTH RAMESH | J19: GUGULOTH CHILAKAMMA | K19: Male | L19: 9391088354 | M19: 9100597275 | N19: 440087464406 | O19: ggugulothu789@gmail.com
A20: =ROW()-ROW($A$2) -> 18 | B20: =ROW()-ROW($A$2) -> 18 | C20: IV-I | D20: ECE | E20: A | F20: =CONCATENATE(C20," ",D20,"-",E20) -> IV-I ECE-A | G20: 23VE1A0417 | H20: GUNTAPALLI KAVYA SREE | I20: GUNTAPALLI SEKHAR | J20: GUNTAPALLI MADHAVI | K20: Female | L20: 7989719982 | M20: 7569352241 | N20: 867751357425 | O20: kavyasreeguntapalli@gmail.com
A21: =ROW()-ROW($A$2) -> 19 | B21: =ROW()-ROW($A$2) -> 19 | C21: IV-I | D21: ECE | E21: A | F21: =CONCATENATE(C21," ",D21,"-",E21) -> IV-I ECE-A | G21: 23VE1A0418 | H21: INAVOLU SAHITHI REDDY | I21: INAVOLU PANDURANGA REDDY | J21: INAVOLU SWAPNA | K21: Female | L21: 9391585277 | M21: 9347766124 | N21: 515541028200 | O21: sahithireddysahithireddy43@gmail.com
A22: =ROW()-ROW($A$2) -> 20 | B22: =ROW()-ROW($A$2) -> 20 | C22: IV-I | D22: ECE | E22: A | F22: =CONCATENATE(C22," ",D22,"-",E22) -> IV-I ECE-A | G22: 23VE1A0419 | H22: JALDA DAMAYANTHI | I22: JALDA SHANKAR | J22: JALDA LAVANYA | K22: Female | L22: 9618709179 | M22: 9493313212 | N22: 657256213448 | O22: damayanthijalda@gmail.com
... A69: =ROW()-ROW($A$2) -> 67 | B69: =ROW()-ROW($A$2) -> 67 | C69: IV-I | D69: ECE | E69: A | F69: =CONCATENATE(C69," ",D69,"-",E69) -> IV-I ECE-A | G69: 24VE5A0405 | H69: MIRYALA VARSHITHA | I69: MIRYALA SHYAM PRASAD | J69: MIRYALA SARITHA | K69: Female | L69: 7993901201 | M69: 9603948678 | N69: 548360873764 | O69: miryalavarshitha123@gmail.com
A70: =ROW()-ROW($A$2) -> 68 | B70: =ROW()-ROW($A$2) -> 68 | C70: IV-I | D70: ECE | E70: A | F70: =CONCATENATE(C70," ",D70,"-",E70) -> IV-I ECE-A | G70: 24VE5A0406 | H70: MOKHEDE VAISHANAVI | I70: NAMDEV | J70: MEGHA | K70: Female | L70: 9502302711 | N70: 682238519476 | O70: 24VE5A0406@gmail.com
A71: =ROW()-ROW($A$2) -> 69 | B71: =ROW()-ROW($A$2) -> 69 | C71: IV-I | D71: ECE | E71: A | F71: =CONCATENATE(C71," ",D71,"-",E71) -> IV-I ECE-A | G71: 24VE5A0407 | H71: SANJA RAJU | I71: SANJA KONDAIAH | J71: SANJA KANTHAMMA | K71: Male | L71: 9347973911 | M71: 7997069705 | N71: 522461906570 | O71: rajusanja12@gmail.com
A72: =ROW()-ROW($A$2) -> 70 | B72: =ROW()-ROW($A$2) -> 70 | C72: IV-I | D72: ECE | E72: B | F72: =CONCATENATE(C72," ",D72,"-",E72) -> IV-I ECE-B | G72: 23VE1A0465 | H72: AAVULA SUMANTH | I72: AAVULA VENKANNA | J72: AAVULA MANJULA | K72: Male | L72: 6305621837 | M72: 7660814964 | N72: 733304768843 | O72: aavulasumanth90@gmail.com
A73: =ROW()-ROW($A$2) -> 71 | B73: =ROW()-ROW($A$2) -> 71 | C73: IV-I | D73: ECE | E73: B | F73: =CONCATENATE(C73," ",D73,"-",E73) -> IV-I ECE-B | G73: 23VE1A0466 | H73: ABDUL MAJEED AHMED | I73: AIJAZ AHMED | J73: YASMEEN SULTANA | K73: Male | L73: 8885221653 | M73: 9908914237 | N73: 864674187016 | O73: amahmed4002@gmail.com
A74: =ROW()-ROW($A$2) -> 72 | B74: =ROW()-ROW($A$2) -> 72 | C74: IV-I | D74: ECE | E74: B | F74: =CONCATENATE(C74," ",D74,"-",E74) -> IV-I ECE-B | G74: 23VE1A0467 | H74: ALLIKANTI SREEVARSHITH | I74: ALLIKANTI VENKATAIAH | J74: ALLIKANTI INDIRA | K74: Male | L74: 9392798445 | M74: 9948157342 | N74: 210851541721 | O74: sreevarshith78@gmail.com
A75: =ROW()-ROW($A$2) -> 73 | B75: =ROW()-ROW($A$2) -> 73 | C75: IV-I | D75: ECE | E75: B | F75: =CONCATENATE(C75," ",D75,"-",E75) -> IV-I ECE-B | G75: 23VE1A0468 | H75: ATMAKUR RAJVEER SINGH | I75: ATMAKUR SREEKANT KUMAR SINGH | J75: ATMAKUR MAMTA SINGH | K75: Male | L75: 7995762220 | M75: 9963906763 | N75: 464392995029 | O75: rajveersinghatmakur@gmail.com
A76: =ROW()-ROW($A$2) -> 74 | B76: =ROW()-ROW($A$2) -> 74 | C76: IV-I | D76: ECE | E76: B | F76: =CONCATENATE(C76," ",D76,"-",E76) -> IV-I ECE-B | G76: 23VE1A0469 | H76: BADDAM KIRTHI REDDY | I76: BADDAM VENKAT REDDY | J76: BADDAM RANI | K76: Female | L76: 8328084976 | M76: 9866823227 | N76: 673325405055 | O76: bkirthir@gmail.com
A77: =ROW()-ROW($A$2) -> 75 | B77: =ROW()-ROW($A$2) -> 75 | C77: IV-I | D77: ECE | E77: B | F77: =CONCATENATE(C77," ",D77,"-",E77) -> IV-I ECE-B | G77: 23VE1A0472 | H77: BATTU VISHNUVARDHAN YADAV | I77: B SREENIVAS YADAV LATE | J77: B SARASWATHI | K77: Male | L77: 9063674224 | M77: 9603318116 | N77: 781056697049 | O77: vy006406@gmail.com
A78: =ROW()-ROW($A$2) -> 76 | B78: =ROW()-ROW($A$2) -> 76 | C78: IV-I | D78: ECE | E78: B | F78: =CONCATENATE(C78," ",D78,"-",E78) -> IV-I ECE-B | G78: 23VE1A0473 | H78: BETHI MOUNESH | I78: SURESH | J78: PADMA | K78: Male | L78: 6301163124 | M78: 6301163124 | N78: 829218091847 | O78: mounesh041@gmail.com
A79: =ROW()-ROW($A$2) -> 77 | B79: =ROW()-ROW($A$2) -> 77 | C79: IV-I | D79: ECE | E79: B | F79: =CONCATENATE(C79," ",D79,"-",E79) -> IV-I ECE-B | G79: 23VE1A0474 | H79: BISWAL BRUNDHAVAN | I79: BISWAL VIJAY | J79: BISWAL VASANTHI | K79: Male | L79: 9666939454 | M79: 6303090238 | N79: 601189397569 | O79: saikiranbiswal77@gmail.com
A80: =ROW()-ROW($A$2) -> 78 | B80: =ROW()-ROW($A$2) -> 78 | C80: IV-I | D80: ECE | E80: B | F80: =CONCATENATE(C80," ",D80,"-",E80) -> IV-I ECE-B | G80: 23VE1A0475 | H80: CHEPURI AKSHAYA | I80: CHEPURI PARAMESH | J80: CHEPURI UMAVATHI | K80: Female | L80: 9391098189 | M80: 9948064638 | N80: 456174223426 | O80: chepuriparamesh9@gmail.com
A81: =ROW()-ROW($A$2) -> 79 | B81: =ROW()-ROW($A$2) -> 79 | C81: IV-I | D81: ECE | E81: B | F81: =CONCATENATE(C81," ",D81,"-",E81) -> IV-I ECE-B | G81: 23VE1A0476 | H81: CHETTI CHARITHA | I81: CHETTI RAJU | J81: CH LAVANYA | K81: Female | L81: 9550930372 | M81: 9177731344 | N81: 292540213543 | O81: chetticharitha@gmail.com
A82: =ROW()-ROW($A$2) -> 80 | B82: =ROW()-ROW($A$2) -> 80 | C82: IV-I | D82: ECE | E82: B | F82: =CONCATENATE(C82," ",D82,"-",E82) -> IV-I ECE-B | G82: 23VE1A0477 | H82: CHILUMULA CHARAN | I82: CHILUMULA VIJAY PAL | J82: CHILUMULA RAMANA | K82: Male | L82: 6281010170 | M82: 9542536412 | N82: 534702349724 | O82: charanchilumula24@gmail.com
... A101: =ROW()-ROW($A$2) -> 99 | B101: =ROW()-ROW($A$2) -> 99 | C101: IV-I | D101: ECE | E101: B | F101: =CONCATENATE(C101," ",D101,"-",E101) -> IV-I ECE-B | G101: 23VE1A04A3 | H101: MALOTH VENKATESH | I101: MALOTH NAGESWARRAO | J101: MELOTH BHADRAMMA | K101: Male | L101: 6301935399 | M101: 9848851261 | N101: 268005494410 | O101: malothvenky6@gmail.com
A102: =ROW()-ROW($A$2) -> 100 | B102: =ROW()-ROW($A$2) -> 100 | C102: IV-I | D102: ECE | E102: B | F102: =CONCATENATE(C102," ",D102,"-",E102) -> IV-I ECE-B | G102: 23VE1A04A4 | H102: MEGAVATH SATHISH | I102: MEGAVATH ALA | J102: MEGAVATH VIJAYA | K102: Male | L102: 7601061038 | M102: 9347215406 | N102: 7390-7604-5288 | O102: megavathsathish22@gamil.com
A103: =ROW()-ROW($A$2) -> 101 | B103: =ROW()-ROW($A$2) -> 101 | C103: IV-I | D103: ECE | E103: B | F103: =CONCATENATE(C103," ",D103,"-",E103) -> IV-I ECE-B | G103: 23VE1A04A5 | H103: MEGHANA JOSEPH | I103: JOSEPH PIUS FERNANDEZ | J103: JISHA JOSEPH | K103: Female | L103: 8500040844 | M103: 9885662758 | N103: 513869143458 | O103: meghanafernandez@gmail.com
A104: =ROW()-ROW($A$2) -> 102 | B104: =ROW()-ROW($A$2) -> 102 | C104: IV-I | D104: ECE | E104: B | F104: =CONCATENATE(C104," ",D104,"-",E104) -> IV-I ECE-B | G104: 23VE1A04A6 | H104: MEKALA NIKHIL YADAV | I104: MEKALA MAHESH YADAV | J104: MEKALA HEMALATHA YADAV | K104: Male | L104: 9182467248 | M104: 9848111886 | N104: 677121715838 | O104: mekalanikhilyadav69@gmail.com
A105: =ROW()-ROW($A$2) -> 103 | B105: =ROW()-ROW($A$2) -> 103 | C105: IV-I | D105: ECE | E105: B | F105: =CONCATENATE(C105," ",D105,"-",E105) -> IV-I ECE-B | G105: 23VE1A04A7 | H105: MOHAMMAD THASLEEMA | I105: MOHAMMAD LATHEEF | J105: MOHAMMAD RAHEEMA | K105: Female | L105: 9603580783 | M105: 9603580752 | N105: 800071697016 | O105: mohammadlatheef37@gmail.com
A106: =ROW()-ROW($A$2) -> 104 | B106: =ROW()-ROW($A$2) -> 104 | C106: IV-I | D106: ECE | E106: B | F106: =CONCATENATE(C106," ",D106,"-",E106) -> IV-I ECE-B | G106: 23VE1A04A8 | H106: MORA HEMANTH GOUD | I106: MORA SATYANARAYANA | J106: MORA THIRUPATHAMMA | K106: Male | L106: 8688257354 | M106: 9912525405 | N106: 616701396603 | O106: hemanthgoud810@gmail.com
A107: =ROW()-ROW($A$2) -> 105 | B107: =ROW()-ROW($A$2) -> 105 | C107: IV-I | D107: ECE | E107: B | F107: =CONCATENATE(C107," ",D107,"-",E107) -> IV-I ECE-B | G107: 23VE1A04B0 | H107: MUTHYAM ABHINAY | I107: MUTHYAM SRINIVAS | J107: MUTHYAM SATHYAVATHI | K107: Male | L107: 8520010335 | M107: 9866067018 | N107: 202090134489 | O107: abhinaymuthyam006@gmail.com
A108: =ROW()-ROW($A$2) -> 106 | B108: =ROW()-ROW($A$2) -> 106 | C108: IV-I | D108: ECE | E108: B | F108: =CONCATENATE(C108," ",D108,"-",E108) -> IV-I ECE-B | G108: 23VE1A04B1 | H108: N CHARAN TEJA NAIK | I108: N HARI NAIK | J108: N SAKKU | K108: Male | L108: 8639977245 | M108: 9959344712 | N108: 663651412310 | O108: nenavathcharantejnaik@gmil.com
A109: =ROW()-ROW($A$2) -> 107 | B109: =ROW()-ROW($A$2) -> 107 | C109: IV-I | D109: ECE | E109: B | F109: =CONCATENATE(C109," ",D109,"-",E109) -> IV-I ECE-B | G109: 23VE1A04B2 | H109: NAKARIKANTI RAHUL | I109: N SAIDULU | J109: N LAXMI | K109: Male | L109: 9603420057 | M109: 9010086015 | N109: 655306678535 | O109: rahulgoud9819@gmail.com
A110: =ROW()-ROW($A$2) -> 108 | B110: =ROW()-ROW($A$2) -> 108 | C110: IV-I | D110: ECE | E110: B | F110: =CONCATENATE(C110," ",D110,"-",E110) -> IV-I ECE-B | G110: 23VE1A04B3 | H110: NARAHARI GOUTHAM | I110: NARAHARI RAVINDER | J110: NARAHARI SHYAMALA | K110: Male | L110: 7673967991 | M110: 9121318429 | N110: 311194204648 | O110: gouthamnarahari19@gmail.com
A111: =ROW()-ROW($A$2) -> 109 | B111: =ROW()-ROW($A$2) -> 109 | C111: IV-I | D111: ECE | E111: B | F111: =CONCATENATE(C111," ",D111,"-",E111) -> IV-I ECE-B | G111: 23VE1A04B4 | H111: NENAVATH VINOD | I111: NENAVATH HARIYA | J111: NENAVATH JANI | K111: Male | L111: 7661829462 | M111: 8464953921 | N111: 390840877639 | O111: nenavathvinod766@gmail.com
A112: =ROW()-ROW($A$2) -> 110 | B112: =ROW()-ROW($A$2) -> 110 | C112: IV-I | D112: ECE | E112: B | F112: =CONCATENATE(C112," ",D112,"-",E112) -> IV-I ECE-B | G112: 23VE1A04B5 | H112: PISHANGAL ROHITH | I112: PISHANGAL KRISHNA | J112: PISHANGAL PADMA | K112: Male | L112: 9059183058 | M112: 7702678488 | N112: 607379793546 | O112: rohithpishangal5@gmail.com
A113: =ROW()-ROW($A$2) -> 111 | B113: =ROW()-ROW($A$2) -> 111 | C113: IV-I | D113: ECE | E113: B | F113: =CONCATENATE(C113," ",D113,"-",E113) -> IV-I ECE-B | G113: 23VE1A04B6 | H113: PITTALA DEEPIKA | I113: PITTALA THIRUMALESH | J113: PITTALA LAXMAMMA | K113: Female | L113: 6302968059 | M113: 9177963462 | N113: 361001818253 | O113: deepikapittala@2004gmail.com
A114: =ROW()-ROW($A$2) -> 112 | B114: =ROW()-ROW($A$2) -> 112 | C114: IV-I | D114: ECE | E114: B | F114: =CONCATENATE(C114," ",D114,"-",E114) -> IV-I ECE-B | G114: 23VE1A04B7 | H114: POOJARLA OJASWINI | I114: POOJARLA SRINIVASULU | J114: POOJARLA URMILA | K114: Female | L114: 8897336088 | M114: 9849280343 | N114: 484355727365 | O114: oojaswini4@gmail.com
... A126: =ROW()-ROW($A$2) -> 124 | B126: =ROW()-ROW($A$2) -> 124 | C126: IV-I | D126: ECE | E126: B | F126: =CONCATENATE(C126," ",D126,"-",E126) -> IV-I ECE-B | G126: 24VE5A0410 | H126: BHATTU PADMAVATHI | I126: BHATTU VEERANNA | J126: BHATTU JHANSI | K126: Female | L126: 6302853960 | M126: 9000355032 | N126: 767134986635 | O126: padmabhattu94@gmail.comp
A127: =ROW()-ROW($A$2) -> 125 | B127: =ROW()-ROW($A$2) -> 125 | C127: IV-I | D127: ECE | E127: B | F127: =CONCATENATE(C127," ",D127,"-",E127) -> IV-I ECE-B | G127: 24VE5A0411 | H127: CHEEMALA MEGHANA | I127: CHEEMALA SURESH | J127: CHEEMALAPUSHPALATHA | K127: Female | L127: 7794052538 | N127: 513123608722 | O127: 24VE5A0411@gmail.com
A128: =ROW()-ROW($A$2) -> 126 | B128: =ROW()-ROW($A$2) -> 126 | C128: IV-I | D128: ECE | E128: B | F128: =CONCATENATE(C128," ",D128,"-",E128) -> IV-I ECE-B | G128: 24VE5A0412 | H128: GUTHULA LAKSHMAN SAI | I128: GUTHULA SRINIVAS RAO | J128: GUTHULA VIJAYA LAXMI | K128: Male | L128: 8919413446 | M128: 9866050518 | N128: 710876894859 | O128: lakshmans7777@gmail.com
A129: =ROW()-ROW($A$2) -> 127 | B129: =ROW()-ROW($A$2) -> 127 | C129: IV-I | D129: ECE | E129: B | F129: =CONCATENATE(C129," ",D129,"-",E129) -> IV-I ECE-B | G129: 24VE5A0413 | H129: KALASKAR JAYESH | I129: KALASKAR SACHIN CHANDRA | J129: KALASKAR SANTOSHA LAXMI | K129: Male | L129: 9703358986 | M129: 9866032634 | N129: 254632952728 | O129: kalaskarjayesh08@gmail.com
A130: =ROW()-ROW($A$2) -> 128 | B130: =ROW()-ROW($A$2) -> 128 | C130: IV-I | D130: ECE | E130: B | F130: =CONCATENATE(C130," ",D130,"-",E130) -> IV-I ECE-B | G130: 24VE5A0414 | H130: POSHETTI SHASHANK | I130: POSHETTI SUDHAKAR | J130: POSHETTI ANURADHA | K130: Male | L130: 9381788935 | M130: 9347393619 | N130: 690858606522 | O130: poshettyshashank@gmail.com
A131: =ROW()-ROW($A$2) -> 129 | B131: =ROW()-ROW($A$2) -> 129 | C131: IV-I | D131: CSE | E131: A | F131: =CONCATENATE(C131," ",D131,"-",E131) -> IV-I CSE-A | G131: 23VE1A0501 | H131: ALLAM VAMSHIDHAR MURTHY | I131: ALLAM LAXMAN MURTHY | J131: ALLAM SUCHITHRA | K131: Male | L131: 9866987471 | M131: 9490749697 | N131: 391750367195 | O131: vamshibunny777@gmail.com
A132: =ROW()-ROW($A$2) -> 130 | B132: =ROW()-ROW($A$2) -> 130 | C132: IV-I | D132: CSE | E132: A | F132: =CONCATENATE(C132," ",D132,"-",E132) -> IV-I CSE-A | G132: 23VE1A0502 | H132: AMANAGANTI UDAY KIRAN REDDY | I132: AMANAGANTI JAGATH REDDY | J132: AMANAGANTI LAVANYA | K132: Male | L132: 9515838950 | M132: 9247340599 | N132: 925040311969 | O132: udayamanaganti099@gmail.com
A133: =ROW()-ROW($A$2) -> 131 | B133: =ROW()-ROW($A$2) -> 131 | C133: IV-I | D133: CSE | E133: A | F133: =CONCATENATE(C133," ",D133,"-",E133) -> IV-I CSE-A | G133: 23VE1A0503 | H133: AUM ADITYA JANDHYALA | I133: J PRASAD | J133: J KIRANMAI | K133: Male | L133: 9666803375 | M133: 9985098808 | N133: 909032958132 | O133: jaumaditya@gmail.com
A134: =ROW()-ROW($A$2) -> 132 | B134: =ROW()-ROW($A$2) -> 132 | C134: IV-I | D134: CSE | E134: A | F134: =CONCATENATE(C134," ",D134,"-",E134) -> IV-I CSE-A | G134: 23VE1A0504 | H134: BANOTH SAI KUMAR | I134: BANOTH LALU | J134: BANOTH ANJAMMA | K134: Male | L134: 6300040850 | M134: 7396099020 | N134: 778194052509 | O134: banothsai1437@gmail.com
A135: =ROW()-ROW($A$2) -> 133 | B135: =ROW()-ROW($A$2) -> 133 | C135: IV-I | D135: CSE | E135: A | F135: =CONCATENATE(C135," ",D135,"-",E135) -> IV-I CSE-A | G135: 23VE1A0505 | H135: BAYAPUREDDY DHANUSH REDDY | I135: BAYAPUREDDY KESHAVA REDDY | J135: BAYAPUREDDY SRILATHA | K135: Male | L135: 7993925679 | M135: 7093412318 | N135: 298052643920 | O135: gkssd2281@gmail.com
A136: =ROW()-ROW($A$2) -> 134 | B136: =ROW()-ROW($A$2) -> 134 | C136: IV-I | D136: CSE | E136: A | F136: =CONCATENATE(C136," ",D136,"-",E136) -> IV-I CSE-A | G136: 23VE1A0506 | H136: BONAGIRI CHAITRA | I136: BONAGIRI NAGARAJU | J136: BONAGIRI KAVITHA | K136: Female | L136: 9440279376 | M136: 8885822322 | N136: 986199603491 | O136: bonagirichaitra12@gmail.com
A137: =ROW()-ROW($A$2) -> 135 | B137: =ROW()-ROW($A$2) -> 135 | C137: IV-I | D137: CSE | E137: A | F137: =CONCATENATE(C137," ",D137,"-",E137) -> IV-I CSE-A | G137: 23VE1A0507 | H137: CHAVRE GOURAV | I137: CHAVRE BALAJI RAO | J137: CHAVRE HEMAVATHI | K137: Male | L137: 9515109125 | M137: 9346041008 | N137: 426225968981 | O137: chavregourav944@gmail.com
A138: =ROW()-ROW($A$2) -> 136 | B138: =ROW()-ROW($A$2) -> 136 | C138: IV-I | D138: CSE | E138: A | F138: =CONCATENATE(C138," ",D138,"-",E138) -> IV-I CSE-A | G138: 23VE1A0508 | H138: CHEDURUVELLI SHIVAJI | I138: CHEDURUVELLI UGRAIAH | J138: CHEDURUVELLI NAGAMMA | K138: Male | L138: 6303528417 | M138: 9848387593 | N138: 874778468542 | O138: shivajicheduruvelliugraiah@gmail.com
A139: =ROW()-ROW($A$2) -> 137 | B139: =ROW()-ROW($A$2) -> 137 | C139: IV-I | D139: CSE | E139: A | F139: =CONCATENATE(C139," ",D139,"-",E139) -> IV-I CSE-A | G139: 23VE1A0509 | H139: DEVINENI PRAVALLIKA | I139: DEVINENI RAMAMOHANA RAO | J139: DEVINENI MADHAVILATHA | K139: Female | L139: 9550307227 | M139: 9848962650 | N139: 327401881375 | O139: devinenipravallika7@gmail.com
... A188: =ROW()-ROW($A$2) -> 186 | B188: =ROW()-ROW($A$2) -> 186 | C188: IV-I | D188: CSE | E188: A | F188: =CONCATENATE(C188," ",D188,"-",E188) -> IV-I CSE-A | G188: 23VE1A0558 | H188: TANDRA SHARAN SHARMA | I188: T SHASHIDHAR | J188: T PRABHAVATHI | K188: Male | L188: 8332940753 | M188: 9908940753 | N188: 560538297905 | O188: karthiktandra315@gmail.com
A189: =ROW()-ROW($A$2) -> 187 | B189: =ROW()-ROW($A$2) -> 187 | C189: IV-I | D189: CSE | E189: A | F189: =CONCATENATE(C189," ",D189,"-",E189) -> IV-I CSE-A | G189: 23VE1A0559 | H189: VAISHNAV BEESU | I189: SRINIVAS BEESU | J189: ANITHA BEESU | K189: Male | L189: 7093057793 | M189: 9640432923 | N189: 2884-3977-4636 | O189: vaishnavbeesu@gmail.com
A190: =ROW()-ROW($A$2) -> 188 | B190: =ROW()-ROW($A$2) -> 188 | C190: IV-I | D190: CSE | E190: A | F190: =CONCATENATE(C190," ",D190,"-",E190) -> IV-I CSE-A | G190: 23VE1A0560 | H190: VALLALA PAVAN KUMAR | I190: VALLALA SRINIVAS | J190: VALLALA PRAVEENA | K190: Male | L190: 7569398186 | M190: 9848449695 | N190: 426475483954 | O190: pavankumarvallala017@gmail.com
A191: =ROW()-ROW($A$2) -> 189 | B191: =ROW()-ROW($A$2) -> 189 | C191: IV-I | D191: CSE | E191: A | F191: =CONCATENATE(C191," ",D191,"-",E191) -> IV-I CSE-A | G191: 23VE1A0561 | H191: VANKUDOTH GEETHIKA | I191: VANKUDOTH RAMESH | J191: VANKUDOTH SWAPNA | K191: Female | L191: 9676754372 | M191: 8332044033 | N191: 700000556789 | O191: vankudothgeethika29@gmail.com
A192: =ROW()-ROW($A$2) -> 190 | B192: =ROW()-ROW($A$2) -> 190 | C192: IV-I | D192: CSE | E192: A | F192: =CONCATENATE(C192," ",D192,"-",E192) -> IV-I CSE-A | G192: 23VE1A0562 | H192: VASPARI ARUN KUMAR | I192: VASPARI JANGAIAH | J192: VASPARI PADMA | K192: Male | L192: 6303812939 | M192: 9440841384 | N192: 736049742903 | O192: arunkumarvaspari@gmail.com
A193: =ROW()-ROW($A$2) -> 191 | B193: =ROW()-ROW($A$2) -> 191 | C193: IV-I | D193: CSE | E193: A | F193: =CONCATENATE(C193," ",D193,"-",E193) -> IV-I CSE-A | G193: 23VE1A0563 | H193: VEERA NISHANTH | I193: VEERA RAMACHANDRAM | J193: VEERA MADHAVI | K193: Male | L193: 9100651805 | M193: 9347373822 | N193: 322273124642 | O193: veeranishanth225@gmail.com
A194: =ROW()-ROW($A$2) -> 192 | B194: =ROW()-ROW($A$2) -> 192 | C194: IV-I | D194: CSE | E194: A | F194: =CONCATENATE(C194," ",D194,"-",E194) -> IV-I CSE-A | G194: 23VE1A0564 | H194: YADAVELLY DEEPIKA | I194: YADAVELLY SURENDHAR REDDY | J194: YADAVELLY ARUNA | K194: Female | L194: 9392573688 | M194: 9542418844 | N194: 754922210915 | O194: deepikareddyyedavally@gmail.com
A195: =ROW()-ROW($A$2) -> 193 | B195: =ROW()-ROW($A$2) -> 193 | C195: IV-I | D195: CSE | E195: A | F195: =CONCATENATE(C195," ",D195,"-",E195) -> IV-I CSE-A | G195: 24VE5A0501 | H195: BEESU SOWMYA | I195: BEESU YADAGIRI | J195: BEESU SHARADHA | K195: Female | L195: 8688789752 | M195: 9390351823 | N195: 834335771478 | O195: beesusowmyag@gmail.com
A196: =ROW()-ROW($A$2) -> 194 | B196: =ROW()-ROW($A$2) -> 194 | C196: IV-I | D196: CSE | E196: A | F196: =CONCATENATE(C196," ",D196,"-",E196) -> IV-I CSE-A | G196: 24VE5A0502 | H196: GAJULA LIKITH KUMAR | I196: GAJULA ASHOK KUMAR | J196: GAJULA HEMALATHA | K196: Male | L196: 9666271460 | M196: 7989871482 | N196: 267366932204 | O196: likithk870@gmail.com
A197: =ROW()-ROW($A$2) -> 195 | B197: =ROW()-ROW($A$2) -> 195 | C197: IV-I | D197: CSE | E197: A | F197: =CONCATENATE(C197," ",D197,"-",E197) -> IV-I CSE-A | G197: 24VE5A0503 | H197: KAMMARI RAKESH CHARY | I197: KAMMARI RAGAVENDHRA CHARY | J197: KAMMARI TULASI | K197: Male | L197: 8639700709 | M197: 9531337241 | N197: 263468726388 | O197: rakeshchary838@gmail.com
A198: =ROW()-ROW($A$2) -> 196 | B198: =ROW()-ROW($A$2) -> 196 | C198: IV-I | D198: CSE | E198: A | F198: =CONCATENATE(C198," ",D198,"-",E198) -> IV-I CSE-A | G198: 24VE5A0504 | H198: KOYALKAR SATYAVARDHAN | I198: KOYALKAR MOHANLAL | J198: KOYALKAR SONY | K198: Male | L198: 9390773628 | M198: 9948167611 | N198: 687908062663 | O198: satyavardhan24105@gmail.com
A199: =ROW()-ROW($A$2) -> 197 | B199: =ROW()-ROW($A$2) -> 197 | C199: IV-I | D199: CSE | E199: A | F199: =CONCATENATE(C199," ",D199,"-",E199) -> IV-I CSE-A | G199: 24VE5A0505 | H199: PADAKANTI SINDUJA | I199: PADAKANTI RAMULU | J199: PADAKANTI LAXMI | K199: Female | L199: 7981912892 | M199: 8096427590 | N199: 229321992220 | O199: psinduja726@gmail.com
A200: =ROW()-ROW($A$2) -> 198 | B200: =ROW()-ROW($A$2) -> 198 | C200: IV-I | D200: CSE | E200: A | F200: =CONCATENATE(C200," ",D200,"-",E200) -> IV-I CSE-A | G200: 24VE5A0506 | H200: RAMPURIA VIVEK | I200: RAMPURIA RAKESH | J200: RAMPURIA RAJANI | K200: Male | L200: 8977882248 | M200: 9949891552 | N200: 780987744496 | O200: vkjaiswal1012@email.com
A201: =ROW()-ROW($A$2) -> 199 | B201: =ROW()-ROW($A$2) -> 199 | C201: IV-I | D201: CSE | E201: A | F201: =CONCATENATE(C201," ",D201,"-",E201) -> IV-I CSE-A | G201: 24VE5A0507 | H201: VALROUTHU SHARATHKUMAR | I201: VALROUTHU RAMA RAO | J201: VALROUTHU RAJESHWARI | K201: Male | L201: 6302559462 | M201: 9000936993 | N201: 865481762962 | O201: sharathkumar2152@gmail.com
... A271: =ROW()-ROW($A$2) -> 269 | B271: =ROW()-ROW($A$2) -> 269 | C271: IV-I | D271: CSE | E271: C | F271: =CONCATENATE(C271," ",D271,"-",E271) -> IV-I CSE-C | G271: 23VE1A05D1 | H271: BEZWADA SAI AVINASHU | I271: BEZWADA KESAVA RAO | J271: BEZWADA SWAPNA | K271: Male | L271: 9391739943 | M271: 8121456965 | N271: 837540747344 | O271: saiavinashubezwada@gmail.com
A272: =ROW()-ROW($A$2) -> 270 | B272: =ROW()-ROW($A$2) -> 270 | C272: IV-I | D272: CSE | E272: C | F272: =CONCATENATE(C272," ",D272,"-",E272) -> IV-I CSE-C | G272: 23VE1A05D2 | H272: BHOGELA CHETAN SAI SAMPREETH | I272: BHOGELA KIRAN KUMAR | J272: B RADHIKA | K272: Male | L272: 8374257848 | M272: 9032375517 | N272: 7517-3122-7211 | O272: B.CH.SAISAMPREETH10@GMAIL.COM
A273: =ROW()-ROW($A$2) -> 271 | B273: =ROW()-ROW($A$2) -> 271 | C273: IV-I | D273: CSE | E273: C | F273: =CONCATENATE(C273," ",D273,"-",E273) -> IV-I CSE-C | G273: 23VE1A05D3 | H273: BUYYA JAYANTHI | I273: BUYYA NARSIMHA GOUD | J273: BUYYA MANJULA | K273: Female | L273: 7981622322 | M273: 9110785252 | N273: 209606092202 | O273: jayanthibuyya@gmail.com
A274: =ROW()-ROW($A$2) -> 272 | B274: =ROW()-ROW($A$2) -> 272 | C274: IV-I | D274: CSE | E274: C | F274: =CONCATENATE(C274," ",D274,"-",E274) -> IV-I CSE-C | G274: 23VE1A05D4 | H274: CHINTHA RAHUL RAJ | I274: CHINTHA BUCHI BABU | J274: CHINTHA VANAJA | K274: Male | L274: 8121382198 | M274: 9441660748 | N274: 965231731809 | O274: freefire645404@gmail.com
A275: =ROW()-ROW($A$2) -> 273 | B275: =ROW()-ROW($A$2) -> 273 | C275: IV-I | D275: CSE | E275: C | F275: =CONCATENATE(C275," ",D275,"-",E275) -> IV-I CSE-C | G275: 23VE1A05D5 | H275: DEEKONDA NAVYA | I275: DEEKONDA SRINIVAS | J275: DEEKONDA SUDHARANI | K275: Female | L275: 9392797181 | M275: 8008146674 | N275: 743200987182 | O275: navyadeekonda@gmail.com
A276: =ROW()-ROW($A$2) -> 274 | B276: =ROW()-ROW($A$2) -> 274 | C276: IV-I | D276: CSE | E276: C | F276: =CONCATENATE(C276," ",D276,"-",E276) -> IV-I CSE-C | G276: 23VE1A05D6 | H276: DHANAVATH GANI | I276: DHANAVATH BALU | J276: DHANAVATH JYOTHI | K276: Male | L276: 8121444245 | M276: 6300931655 | N276: 827668178258 | O276: ganidhanavath143@gmail.com
A277: =ROW()-ROW($A$2) -> 275 | B277: =ROW()-ROW($A$2) -> 275 | C277: IV-I | D277: CSE | E277: C | F277: =CONCATENATE(C277," ",D277,"-",E277) -> IV-I CSE-C | G277: 23VE1A05D7 | H277: DHARAVATH SRINADH | I277: DHARAVATH RAVI | J277: DHARAVATH RAVI | K277: Male | L277: 8247787347 | M277: 9059116661 | N277: 243982666763
A278: =ROW()-ROW($A$2) -> 276 | B278: =ROW()-ROW($A$2) -> 276 | C278: IV-I | D278: CSE | E278: C | F278: =CONCATENATE(C278," ",D278,"-",E278) -> IV-I CSE-C | G278: 23VE1A05D8 | H278: G MANI KUMAR GOUD | I278: G SHANTAPPA GOUD | J278: G UMA DEVI | K278: Male | L278: 7386511201 | M278: 9121633705 | N278: 558668598096 | O278: lumanilu786@gmail.com
A279: =ROW()-ROW($A$2) -> 277 | B279: =ROW()-ROW($A$2) -> 277 | C279: IV-I | D279: CSE | E279: C | F279: =CONCATENATE(C279," ",D279,"-",E279) -> IV-I CSE-C | G279: 23VE1A05D9 | H279: GADDAM MANOJ KUMAR YADAV | I279: GADDAM SRINIVAS YADAV | J279: GADDAM KOMARAMMA YADAV | K279: Male | L279: 6300015490 | M279: 9394881398 | N279: 786276954569 | O279: gmanojkumaryadav2005@gmail.com
A280: =ROW()-ROW($A$2) -> 278 | B280: =ROW()-ROW($A$2) -> 278 | C280: IV-I | D280: CSE | E280: C | F280: =CONCATENATE(C280," ",D280,"-",E280) -> IV-I CSE-C | G280: 23VE1A05E1 | H280: GANGULA SAI KUMAR | I280: GANGULA SAIDAIAH | J280: GANGULA KOTESWARI | K280: Male | L280: 8688985931 | M280: 9640510992 | N280: 647009556828 | O280: saikumargangula99@gmail.com
A281: =ROW()-ROW($A$2) -> 279 | B281: =ROW()-ROW($A$2) -> 279 | C281: IV-I | D281: CSE | E281: C | F281: =CONCATENATE(C281," ",D281,"-",E281) -> IV-I CSE-C | G281: 23VE1A05E2 | H281: GODAVARTHY PRADYUMNA | I281: LATE G BALA KRISHNA | J281: G SREELA RUKMINI | K281: Male | L281: 9000196590 | M281: 7702385322 | N281: 497290270256 | O281: saipradyumna730@gmail.com
A282: =ROW()-ROW($A$2) -> 280 | B282: =ROW()-ROW($A$2) -> 280 | C282: IV-I | D282: CSE | E282: C | F282: =CONCATENATE(C282," ",D282,"-",E282) -> IV-I CSE-C | G282: 23VE1A05E3 | H282: HINGE KEERTHANA | I282: HINGE NARESH | J282: HINGE VIJAYALAXMI | K282: Female | L282: 8125544820 | M282: 9949292713 | N282: 695321735845 | O282: keerthanahinge@gmail.com
A283: =ROW()-ROW($A$2) -> 281 | B283: =ROW()-ROW($A$2) -> 281 | C283: IV-I | D283: CSE | E283: C | F283: =CONCATENATE(C283," ",D283,"-",E283) -> IV-I CSE-C | G283: 23VE1A05E4 | H283: ILLA SAI PRANAY | I283: ILLA KUKKUTESWARA RAO | J283: ILLA SRIDEVI | K283: Male | L283: 9347766357 | M283: 9100727259 | N283: 269784423688 | O283: saipranayisp@gmail.com
A284: =ROW()-ROW($A$2) -> 282 | B284: =ROW()-ROW($A$2) -> 282 | C284: IV-I | D284: CSE | E284: C | F284: =CONCATENATE(C284," ",D284,"-",E284) -> IV-I CSE-C | G284: 23VE1A05E5 | H284: J SHAILU | I284: J VENKATESH | J284: J SUJATHA | K284: Female | L284: 8321063933 | M284: 9849838082 | N284: 762331706746 | O284: shailujella12@gmail.com
A285: =ROW()-ROW($A$2) -> 283 | B285: =ROW()-ROW($A$2) -> 283 | C285: IV-I | D285: CSE | E285: C | F285: =CONCATENATE(C285," ",D285,"-",E285) -> IV-I CSE-C | G285: 23VE1A05E6 | H285: JALA KEERTHI | I285: J JANGAIAH | J285: J RAJESHWARI | K285: Female | L285: 6302789536 | M285: 9848684329 | N285: 336166829097 | O285: jalakeerthi211@gmail.com
A286: =ROW()-ROW($A$2) -> 284 | B286: =ROW()-ROW($A$2) -> 284 | C286: IV-I | D286: CSE | E286: C | F286: =CONCATENATE(C286," ",D286,"-",E286) -> IV-I CSE-C | G286: 23VE1A05E7 | H286: JANGLE VARSHIT | I286: JANGLE JAGADEESWAR | J286: JANGLE KAVITHA | K286: Male | L286: 7207598129 | M286: 9849449104 | N286: 910223457696 | O286: varshithjangle@gmail.com
A287: =ROW()-ROW($A$2) -> 285 | B287: =ROW()-ROW($A$2) -> 285 | C287: IV-I | D287: CSE | E287: C | F287: =CONCATENATE(C287," ",D287,"-",E287) -> IV-I CSE-C | G287: 23VE1A05E8 | H287: JITTA MONISH REDDY | I287: JITTA MAHENDER REDDY | J287: JITTA SWATHI REDDY | K287: Male | L287: 9348883111 | M287: 9399928882 | N287: 748621105169 | O287: jittamonishreddy@gmail.com
A288: =ROW()-ROW($A$2) -> 286 | B288: =ROW()-ROW($A$2) -> 286 | C288: IV-I | D288: CSE | E288: C | F288: =CONCATENATE(C288," ",D288,"-",E288) -> IV-I CSE-C | G288: 23VE1A05E9 | H288: JONNADA GANESH REDDY | I288: J ALWAL REDDY | J288: J PADMA | K288: Male | L288: 6303036554 | M288: 9948613219 | N288: 519724548075 | O288: reddyganesh2903@gmail.com
A289: =ROW()-ROW($A$2) -> 287 | B289: =ROW()-ROW($A$2) -> 287 | C289: IV-I | D289: CSE | E289: C | F289: =CONCATENATE(C289," ",D289,"-",E289) -> IV-I CSE-C | G289: 23VE1A05F0 | H289: JONNALAGADDA MADHAV | I289: JONNALAGADDA SHASHI KUMAR | J289: JONNALAGADDA PRAMEELA | K289: Male | L289: 9966657236 | M289: 9490119944 | N289: 363202998191 | O289: jmadhav2046@gmail.com
... A359: =ROW()-ROW($A$2) -> 357 | B359: =ROW()-ROW($A$2) -> 357 | C359: IV-I | D359: CSE | E359: D | F359: =CONCATENATE(C359," ",D359,"-",E359) -> IV-I CSE-D | G359: 23VE1A05N1 | H359: MARRU MANIDEEP | I359: MARRU SRIDHAR RAO | J359: MARRU RADHIKA | K359: Male | L359: 8341320290 | M359: 701320290 | N359: 686016877485 | O359: manideepmarrusrm@gmail.com
A360: =ROW()-ROW($A$2) -> 358 | B360: =ROW()-ROW($A$2) -> 358 | C360: IV-I | D360: CSE | E360: D | F360: =CONCATENATE(C360," ",D360,"-",E360) -> IV-I CSE-D | G360: 23VE1A05N3 | H360: MOKA GAURAV VARDHAN | I360: MOKA VINOD | J360: MOKA VANI | K360: Male | L360: 9951193560 | M360: 9440403560 | N360: 4917-6706-7175 | O360: gauravvardhan.moka@gmail.com
A361: =ROW()-ROW($A$2) -> 359 | B361: =ROW()-ROW($A$2) -> 359 | C361: IV-I | D361: CSE | E361: D | F361: =CONCATENATE(C361," ",D361,"-",E361) -> IV-I CSE-D | G361: 23VE1A05N4 | H361: NERELA SATHVIK | I361: NERELA AMARNATH | J361: NERALA SANDHYA | K361: Male | L361: 9676408364 | M361: 9866200120 | N361: 641914466547 | O361: sathvikmantu78@gmail.com
...

Sheet Count
A1: 2026-27 A.Y_I Semester_B.Tech_College Strength
A2: I-I | C2: II-I | E2: III-I | G2: IV-I | J2: Re-admissions (+) | P2: Removed ( - )
A3: I-I ECE-A | B3: =IF(COUNTIF('2026-27 A.Y. I Sem'!F:F,A3)=0,"0",COUNTIF('2026-27 A.Y. I Sem'!F:F,A3)) -> 0 | C3: II-I ECE-A | D3: =IF(COUNTIF('2026-27 A.Y. I Sem'!F:F,C3)=0,"0",COUNTIF('2026-27 A.Y. I Sem'!F:F,C3)) -> 62 | E3: III-I ECE-A | F3: =IF(COUNTIF('2026-27 A.Y. I Sem'!F:F,E3)=0,"0",COUNTIF('2026-27 A.Y. I Sem'!F:F,E3)) -> 69 | G3: IV-I ECE-A | H3: =IF(COUNTIF('2026-27 A.Y. I Sem'!F:F,G3)=0,"0",COUNTIF('2026-27 A.Y. I Sem'!F:F,G3)) -> 69 | J3: sno. | K3: Hallticket no. | L3: Name | M3: yr/Br/Sec | N3: Circular No. | P3: sno | Q3: Section | R3: Hall Ticket No. | S3: Name | T3: Remarks
A4: I-I CSE-A | B4: =IF(COUNTIF('2026-27 A.Y. I Sem'!F:F,A4)=0,"0",COUNTIF('2026-27 A.Y. I Sem'!F:F,A4)) -> 0 | C4: II-I CSE-A | D4: =IF(COUNTIF('2026-27 A.Y. I Sem'!F:F,C4)=0,"0",COUNTIF('2026-27 A.Y. I Sem'!F:F,C4)) -> 68 | E4: III-I CSE-A | F4: =IF(COUNTIF('2026-27 A.Y. I Sem'!F:F,E4)=0,"0",COUNTIF('2026-27 A.Y. I Sem'!F:F,E4)) -> 60 | G4: IV-I ECE-B | H4: =IF(COUNTIF('2026-27 A.Y. I Sem'!F:F,G4)=0,"0",COUNTIF('2026-27 A.Y. I Sem'!F:F,G4)) -> 59 | J4: =ROW()-ROW($K$3) -> 1 | P4: 1 | Q4: III-II ECE-B | R4: 23VE1A04A2 | S4: MALLEBOINA BALU | T4: III-II Attendance Detain
A5: I-I CSE-B | B5: =IF(COUNTIF('2026-27 A.Y. I Sem'!F:F,A5)=0,"0",COUNTIF('2026-27 A.Y. I Sem'!F:F,A5)) -> 0 | C5: II-I CSE-B | D5: =IF(COUNTIF('2026-27 A.Y. I Sem'!F:F,C5)=0,"0",COUNTIF('2026-27 A.Y. I Sem'!F:F,C5)) -> 68 | E5: III-I CSE-B | F5: =IF(COUNTIF('2026-27 A.Y. I Sem'!F:F,E5)=0,"0",COUNTIF('2026-27 A.Y. I Sem'!F:F,E5)) -> 57 | G5: IV-I CSE-A | H5: =IF(COUNTIF('2026-27 A.Y. I Sem'!F:F,G5)=0,"0",COUNTIF('2026-27 A.Y. I Sem'!F:F,G5)) -> 71 | J5: =ROW()-ROW($K$3) -> 2 | P5: 2 | Q5: III-II ECE-B | R5: 23VE1A04C1 | S5: SHAGA RITHVAK KURUMA | T5: III-II Attendance Detain
A6: I-I CSE-C | B6: =IF(COUNTIF('2026-27 A.Y. I Sem'!F:F,A6)=0,"0",COUNTIF('2026-27 A.Y. I Sem'!F:F,A6)) -> 0 | C6: II-I CSE-C | D6: =IF(COUNTIF('2026-27 A.Y. I Sem'!F:F,C6)=0,"0",COUNTIF('2026-27 A.Y. I Sem'!F:F,C6)) -> 67 | E6: III-I CSE-C | F6: =IF(COUNTIF('2026-27 A.Y. I Sem'!F:F,E6)=0,"0",COUNTIF('2026-27 A.Y. I Sem'!F:F,E6)) -> 60 | G6: IV-I CSE-B | H6: =IF(COUNTIF('2026-27 A.Y. I Sem'!F:F,G6)=0,"0",COUNTIF('2026-27 A.Y. I Sem'!F:F,G6)) -> 67 | J6: =ROW()-ROW($K$3) -> 3 | P6: 3 | Q6: III-II AIML-B | R6: 23VE1A66B3 | S6: REDDEBOINA SAI KRISHNA | T6: III-II Attendance Detain
A7: I-I CSE-D | B7: =IF(COUNTIF('2026-27 A.Y. I Sem'!F:F,A7)=0,"0",COUNTIF('2026-27 A.Y. I Sem'!F:F,A7)) -> 0 | C7: II-I CSE-D | D7: =IF(COUNTIF('2026-27 A.Y. I Sem'!F:F,C7)=0,"0",COUNTIF('2026-27 A.Y. I Sem'!F:F,C7)) -> 69 | E7: III-I CSE-D | F7: =IF(COUNTIF('2026-27 A.Y. I Sem'!F:F,E7)=0,"0",COUNTIF('2026-27 A.Y. I Sem'!F:F,E7)) -> 62 | G7: IV-I CSE-C | H7: =IF(COUNTIF('2026-27 A.Y. I Sem'!F:F,G7)=0,"0",COUNTIF('2026-27 A.Y. I Sem'!F:F,G7)) -> 67 | J7: =ROW()-ROW($K$3) -> 4 | P7: 4 | Q7: II-II CSE-A | R7: 24VE1A0524 | S7: BODDUPALLY THARUN | T7: II-II Attendance Detain
A8: I-I CSE-E | B8: =IF(COUNTIF('2026-27 A.Y. I Sem'!F:F,A8)=0,"0",COUNTIF('2026-27 A.Y. I Sem'!F:F,A8)) -> 0 | C8: II-I CSE-E | D8: =IF(COUNTIF('2026-27 A.Y. I Sem'!F:F,C8)=0,"0",COUNTIF('2026-27 A.Y. I Sem'!F:F,C8)) -> 67 | E8: III-I CSE-E | F8: =IF(COUNTIF('2026-27 A.Y. I Sem'!F:F,E8)=0,"0",COUNTIF('2026-27 A.Y. I Sem'!F:F,E8)) -> 59 | G8: IV-I CSE-D | H8: =IF(COUNTIF('2026-27 A.Y. I Sem'!F:F,G8)=0,"0",COUNTIF('2026-27 A.Y. I Sem'!F:F,G8)) -> 56 | J8: =ROW()-ROW($K$3) -> 5 | P8: 5 | Q8: II-II CSE-A | R8: 24VE1A0527 | S8: KANDADI BHANU PRASAD | T8: II-II Attendance Detain
A9: I-I CSE-F | B9: =IF(COUNTIF('2026-27 A.Y. I Sem'!F:F,A9)=0,"0",COUNTIF('2026-27 A.Y. I Sem'!F:F,A9)) -> 0 | C9: II-I CSE-F | D9: =IF(COUNTIF('2026-27 A.Y. I Sem'!F:F,C9)=0,"0",COUNTIF('2026-27 A.Y. I Sem'!F:F,C9)) -> 68 | E9: III-I CSE-F | F9: =IF(COUNTIF('2026-27 A.Y. I Sem'!F:F,E9)=0,"0",COUNTIF('2026-27 A.Y. I Sem'!F:F,E9)) -> 59 | G9: IV-I AIML-A | H9: =IF(COUNTIF('2026-27 A.Y. I Sem'!F:F,G9)=0,"0",COUNTIF('2026-27 A.Y. I Sem'!F:F,G9)) -> 69 | J9: =ROW()-ROW($K$3) -> 6 | P9: 6 | Q9: II-II CSE-A | R9: 24VE1A0555 | S9: TEJAVATH SRINADH | T9: II-II Attendance Detain
A10: I-I CSE-G | B10: =IF(COUNTIF('2026-27 A.Y. I Sem'!F:F,A10)=0,"0",COUNTIF('2026-27 A.Y. I Sem'!F:F,A10)) -> 0 | C10: II-I CSE-G | D10: =IF(COUNTIF('2026-27 A.Y. I Sem'!F:F,C10)=0,"0",COUNTIF('2026-27 A.Y. I Sem'!F:F,C10)) -> 68 | E10: III-I CSE-G | F10: =IF(COUNTIF('2026-27 A.Y. I Sem'!F:F,E10)=0,"0",COUNTIF('2026-27 A.Y. I Sem'!F:F,E10)) -> 60 | G10: IV-I AIML-B | H10: =IF(COUNTIF('2026-27 A.Y. I Sem'!F:F,G10)=0,"0",COUNTIF('2026-27 A.Y. I Sem'!F:F,G10)) -> 67 | J10: =ROW()-ROW($K$3) -> 7 | P10: 7 | Q10: II-II CSE-A | R10: 24VE1A0558 | S10: THATTARI SNEHITH | T10: II-II Attendance Detain
A11: I-I CSE-H | B11: =IF(COUNTIF('2026-27 A.Y. I Sem'!F:F,A11)=0,"0",COUNTIF('2026-27 A.Y. I Sem'!F:F,A11)) -> 0 | C11: II-I CSE-H | D11: =IF(COUNTIF('2026-27 A.Y. I Sem'!F:F,C11)=0,"0",COUNTIF('2026-27 A.Y. I Sem'!F:F,C11)) -> 68 | E11: III-I CSE-H | F11: =IF(COUNTIF('2026-27 A.Y. I Sem'!F:F,E11)=0,"0",COUNTIF('2026-27 A.Y. I Sem'!F:F,E11)) -> 60 | G11: IV-I AIML-C | H11: =IF(COUNTIF('2026-27 A.Y. I Sem'!F:F,G11)=0,"0",COUNTIF('2026-27 A.Y. I Sem'!F:F,G11)) -> 60 | J11: =ROW()-ROW($K$3) -> 8 | P11: 8 | Q11: II-II CSE-A | R11: 25VE5A0506 | S11: KUNCHALA VENKAT DINESH | T11: II-II Attendance Detain
A12: I-I CSE-J | B12: =IF(COUNTIF('2026-27 A.Y. I Sem'!F:F,A12)=0,"0",COUNTIF('2026-27 A.Y. I Sem'!F:F,A12)) -> 0 | C12: II-I CSE-J | D12: =IF(COUNTIF('2026-27 A.Y. I Sem'!F:F,C12)=0,"0",COUNTIF('2026-27 A.Y. I Sem'!F:F,C12)) -> 67 | E12: III-I CSE-J | F12: =IF(COUNTIF('2026-27 A.Y. I Sem'!F:F,E12)=0,"0",COUNTIF('2026-27 A.Y. I Sem'!F:F,E12)) -> 60 | G12: IV-I DS-A | H12: =IF(COUNTIF('2026-27 A.Y. I Sem'!F:F,G12)=0,"0",COUNTIF('2026-27 A.Y. I Sem'!F:F,G12)) -> 56 | J12: =ROW()-ROW($K$3) -> 9 | P12: 9 | Q12: II-II CSE-B | R12: 23VE1A05A7 | S12: MOHAMMAD NASEERUDDIN | T12: II-II Attendance Detain
A13: I-I CSE-K | B13: =IF(COUNTIF('2026-27 A.Y. I Sem'!F:F,A13)=0,"0",COUNTIF('2026-27 A.Y. I Sem'!F:F,A13)) -> 0 | C13: II-I CSE-K | D13: =IF(COUNTIF('2026-27 A.Y. I Sem'!F:F,C13)=0,"0",COUNTIF('2026-27 A.Y. I Sem'!F:F,C13)) -> 69 | E13: III-I CSE-K | F13: =IF(COUNTIF('2026-27 A.Y. I Sem'!F:F,E13)=0,"0",COUNTIF('2026-27 A.Y. I Sem'!F:F,E13)) -> 56 | G13: IV-I DS-B | H13: =IF(COUNTIF('2026-27 A.Y. I Sem'!F:F,G13)=0,"0",COUNTIF('2026-27 A.Y. I Sem'!F:F,G13)) -> 57 | J13: =ROW()-ROW($K$3) -> 10 | P13: 10 | Q13: II-II CSE-B | R13: 24VE1A0570 | S13: BHUKYA VISHNUVARDHAN | T13: II-II Attendance Detain
A14: I-I AIML-A | B14: =IF(COUNTIF('2026-27 A.Y. I Sem'!F:F,A14)=0,"0",COUNTIF('2026-27 A.Y. I Sem'!F:F,A14)) -> 0 | C14: II-I AIML-A | D14: =IF(COUNTIF('2026-27 A.Y. I Sem'!F:F,C14)=0,"0",COUNTIF('2026-27 A.Y. I Sem'!F:F,C14)) -> 65 | E14: III-I AIML-A | F14: =IF(COUNTIF('2026-27 A.Y. I Sem'!F:F,E14)=0,"0",COUNTIF('2026-27 A.Y. I Sem'!F:F,E14)) -> 65 | G14: IV-I DS-C | H14: =IF(COUNTIF('2026-27 A.Y. I Sem'!F:F,G14)=0,"0",COUNTIF('2026-27 A.Y. I Sem'!F:F,G14)) -> 52 | J14: =ROW()-ROW($K$3) -> 11 | P14: 11 | Q14: II-II CSE-B | R14: 24VE1A0580 | S14: JATOTH SANTHOSH | T14: II-II Attendance Detain
A15: I-I AIML-B | B15: =IF(COUNTIF('2026-27 A.Y. I Sem'!F:F,A15)=0,"0",COUNTIF('2026-27 A.Y. I Sem'!F:F,A15)) -> 0 | C15: II-I AIML-B | D15: =IF(COUNTIF('2026-27 A.Y. I Sem'!F:F,C15)=0,"0",COUNTIF('2026-27 A.Y. I Sem'!F:F,C15)) -> 64 | E15: III-I AIML-B | F15: =IF(COUNTIF('2026-27 A.Y. I Sem'!F:F,E15)=0,"0",COUNTIF('2026-27 A.Y. I Sem'!F:F,E15)) -> 68 | J15: 12 | P15: 12 | Q15: II-II CSE-B | R15: 24VE1A0584 | S15: KALLURI VARUN KARTHIK | T15: II-II Attendance Detain
A16: I-I AIML-C | B16: =IF(COUNTIF('2026-27 A.Y. I Sem'!F:F,A16)=0,"0",COUNTIF('2026-27 A.Y. I Sem'!F:F,A16)) -> 0 | C16: II-I AIML-C | D16: =IF(COUNTIF('2026-27 A.Y. I Sem'!F:F,C16)=0,"0",COUNTIF('2026-27 A.Y. I Sem'!F:F,C16)) -> 65 | E16: III-I AIML-C | F16: =IF(COUNTIF('2026-27 A.Y. I Sem'!F:F,E16)=0,"0",COUNTIF('2026-27 A.Y. I Sem'!F:F,E16)) -> 68 | J16: 13 | P16: 13 | Q16: II-II CSE-B | R16: 25VE5A0511 | S16: PANGA CHARAN TEJA | T16: II-II Attendance Detain
A17: I-I AIML-D | B17: =IF(COUNTIF('2026-27 A.Y. I Sem'!F:F,A17)=0,"0",COUNTIF('2026-27 A.Y. I Sem'!F:F,A17)) -> 0 | C17: II-I AIML-D | D17: =IF(COUNTIF('2026-27 A.Y. I Sem'!F:F,C17)=0,"0",COUNTIF('2026-27 A.Y. I Sem'!F:F,C17)) -> 63 | J17: =ROW()-ROW($K$3) -> 14 | P17: 14 | Q17: II-II CSE-C | R17: 24VE1A05D3 | S17: DONGALA VENU | T17: II-II Attendance Detain
B18: =SUM(B3:B17) -> 0 | D18: =SUM(D3:D17) -> 998 | F18: =SUM(F3:F17) -> 863 | H18: =SUM(H3:H17) -> 750 | J18: =ROW()-ROW($K$3) -> 15 | P18: 15 | Q18: II-II CSE-C | R18: 24VE1A05F9 | S18: MOHAMMED IMTIYAZ | T18: II-II Attendance Detain
J19: =ROW()-ROW($K$3) -> 16 | P19: 16 | Q19: II-II CSE-D | R19: 24VE1A05N2 | S19: MARRI SHARANYA SRI | T19: II-II Attendance Detain
J20: =ROW()-ROW($K$3) -> 17 | P20: 17 | Q20: II-II CSE-D | R20: 24VE1A05N3 | S20: MOHAMMAD JAFFAR | T20: II-II Attendance Detain
A21: Branch/YrSem | B21: I-I | C21: II-I | D21: III-I | E21: IV-I | F21: Total | J21: =ROW()-ROW($K$3) -> 18 | P21: 18 | Q21: II-II CSE-E | R21: 24VE1A05T2 | S21: DEVGODE AJAY KUMAR | T21: II-II Attendance Detain
A22: ECE | B22: =SUM(B3) -> 0 | C22: =SUM(D3) -> 62 | D22: =SUM(F3) -> 69 | E22: =SUM(H3:H4) -> 128 | F22: =SUM(B22:E22) -> 259 | J22: =ROW()-ROW($K$3) -> 19 | P22: 19 | Q22: II-II CSE-E | R22: 24VE1A05U4 | S22: JATOTH SHIVA | T22: II-II Attendance Detain
A23: CSE | B23: =SUM(B4:B13) -> 0 | C23: =SUM(D4:D13) -> 679 | D23: =SUM(F4:F13) -> 593 | E23: =SUM(H5:H8) -> 261 | F23: =SUM(B23:E23) -> 1533 | J23: =ROW()-ROW($K$3) -> 20 | P23: 20 | Q23: II-II CSE-E | R23: 24VE1A05X5 | S23: YARABOLU NARASIMHA REDDY | T23: II-II Attendance Detain
A24: AIML | B24: =SUM(B4:B13) -> 0 | C24: =SUM(D14:D17) -> 257 | D24: =SUM(F14:F16) -> 201 | E24: =SUM(H9:H11) -> 196 | F24: =SUM(B24:E24) -> 654 | J24: =ROW()-ROW($K$3) -> 21 | P24: 21 | Q24: II-II CSE-F | R24: 24VE1A05Z5 | S24: KANCHARLA NISHANTH REDDY | T24: II-II Attendance Detain
A25: DS | B25: -- | C25: -- | D25: -- | E25: =SUM(H12:H14) -> 165 | F25: =SUM(B25:E25) -> 165 | J25: =ROW()-ROW($K$3) -> 22 | P25: 22 | Q25: II-II CSE-F | R25: 24VE1A05AH | S25: LAKAVATH DHANUSH NAIK | T25: II-II Attendance Detain
J26: =ROW()-ROW($K$3) -> 23 | P26: 23 | Q26: II-II CSE-F | R26: 25VE5A0534 | S26: MEKALA SOUMYA | T26: II-II Attendance Detain
A27: Total | B27: =SUM(B22:B26) -> 0 | C27: =SUM(C22:C26) -> 998 | D27: =SUM(D22:D26) -> 863 | E27: =SUM(E22:E26) -> 750 | F27: =SUM(F22:F26) -> 2611 | J27: =ROW()-ROW($K$3) -> 24 | P27: 24 | Q27: II-II CSE-G | R27: 23VE1A05P4 | S27: PUTTA VATHSALYANAND REDDY | T27: II-II Attendance Detain
H28: Updated on: 29th May 2026 by TSP | J28: =ROW()-ROW($K$3) -> 25 | P28: 25 | Q28: II-II CSE-G | R28: 24VE1A05DT | S28: PAKKIRI HUSSAIN VALI | T28: II-II Attendance Detain
J29: =ROW()-ROW($K$3) -> 26 | P29: 26 | Q29: II-II CSE-H | R29: 23VE1A05R2 | S29: UPPUTHOLLA NEELAKANTA NIKHIL | T29: II-II Attendance Detain
J30: =ROW()-ROW($K$3) -> 27 | P30: 27 | Q30: II-II CSE-J | R30: 23VE1A05K4 | S30: AKULA SAI NISHANTH | T30: II-II Attendance Detain
J31: =ROW()-ROW($K$3) -> 28 | P31: 28 | Q31: II-II CSE-J | R31: 23VE1A05M3 | S31: KARVA HARSHITH | T31: II-II Attendance Detain
J32: =ROW()-ROW($K$3) -> 29 | P32: 29 | Q32: II-II CSE-J | R32: 24VE1A05HJ | S32: DASARI HANUMA HARSHITH | T32: II-II Attendance Detain
J33: =ROW()-ROW($K$3) -> 30 | P33: 30 | Q33: II-II CSE-J | R33: 24VE1A05JG | S33: KORRA NIKITHA | T33: II-II Attendance Detain
J34: =ROW()-ROW($K$3) -> 31 | P34: 31 | Q34: II-II CSE-J | R34: 24VE1A05JM | S34: MANCHALA NAVADEEP | T34: II-II Attendance Detain
P35: 32 | Q35: II-II CSE-J | R35: 24VE1A05KF | S35: TEJAVATH DURGESH NAIK | T35: II-II Attendance Detain
P36: 33 | Q36: II-II CSE-J | R36: 24VE1A05KJ | S36: VULLUPALA SRIKAR REDDY | T36: II-II Attendance Detain
L37: Privious Sem. | M37: 3331 | P37: 34 | Q37: II-II CSE-K | R37: 23VE1A05Q6 | S37: SIRIPURAPU KRISHNA PAVANI | T37: II-II Attendance Detain
L38: Att+Cre +TC+Exp (Minus) | P38: 35 | Q38: II-II AIML-A | R38: 23VE1A66D7 | S38: BENJARI KETHAN GOUD | T38: II-II Attendance Detain
L39: I Year Admissions (Plus) | P39: 36 | Q39: II-II AIML-A | R39: 24VE1A6602 | S39: ALLAVARAPU SUHANI | T39: II-II Attendance Detain
L40: LES Admissions (Plus)
L41: Re-Admission (Plus) | M41: =COUNTA(K4:K34) -> 0
M42: =SUM(M37+M39+M41+M40)-M38 -> 3331
P90: 87
P91: 88
P92: 89
P93: 90
P94: 91
P95: 92
P96: 93
P97: 94

Sheet 2-1A
A1: S.NO | B1: H.T.NO | C1: STUDENT NAME | D1: FATHER NAME | E1: MOTHER NAME | F1: GENDER | G1: ST.NO | H1: P.NO | I1: MAIL ID
A2: 1 | B2: 24VE1A6684 | C2: GURSINGA RANADHEER KUMAR | D2: GURSINGA SRINIVAS | E2: GURSINGA MANJULA | F2: Male | G2: 8247432012 | H2: 9951621816 | I2: rgursinga@gmail.com
A3: 2 | B3: 25VE1A6601 | C3: ABBAYYA A | D3: AYYAGARI PATTABHI RAMAYYA | E3: MADHAVILATHA G A | F3: Female | G3: 9848035393 | H3: 9848707713 | I3: abbayyaayyagari@gmail.com
A4: 3 | B4: 25VE1A6602 | C4: BANDARI SATHWIKA | D4: BANDARI SRINIVAS | E4: BANDARI MADHAVI | F4: Female | G4: 6281583640 | H4: 7893444009 | I4: neethusathwika2008@gmail.com
A5: 4 | B5: 25VE1A6603 | C5: BANDARI SHIRISHA | D5: BANDARI SHANTHAPPA | E5: BANDARI SHANTHI | F5: Female | G5: 8519935868 | H5: 9392159488 | I5: shirishabandari24@gmail.com
A6: 5 | B6: 25VE1A6604 | C6: BANDOTHU SAI KUMAR | D6: BANDOTHU LACHIRAM | E6: BANDOTHU KAMSHELI | F6: Male | G6: 9177666126 | H6: 9100210291 | I6: saikumar05848@gmail.com
A7: 6 | B7: 25VE1A6605 | C7: BEEMAGONI VIDYA | D7: BEEMAGONI SHEKHAR | E7: BEEMAGONI KAVITHA | F7: Female | G7: 7780695553 | H7: 7660880776 | I7: beemagonividya@gmail.com
A8: 7 | B8: 25VE1A6606 | C8: BITTLA VISHAL REDDY | D8: BITTLA VENKAT REDDY | E8: BITTLA SWATHI | F8: Male | G8: 9281001295 | H8: 9550584685 | I8: vishalreddybitla@gmail.com
A9: 8 | B9: 25VE1A6607 | C9: DARAVATH SAI PRIYA | D9: V D FAKEERA NAIK | E9: DARAVATH KARUNA SREE | F9: Female | G9: 9182624239 | H9: 9014415219 | I9: saipriya901441@gmail.com
A10: 9 | B10: 25VE1A6608 | C10: DEEPSHIKA DHARNI | D10: DHARNI ANIL KUMAR | E10: DHARNI SARIKA | F10: Female | G10: 9392080334 | H10: 8328688536 | I10: deepshikadharni07@gmail.com
A11: 10 | B11: 25VE1A6609 | C11: DHARMA BHAVISHYA | D11: DHARMA BHASKAR REDDY | E11: DHARMA MAMATHA | F11: Female | G11: 8464872785 | H11: 9010243479 | I11: bhavishyar21@gmail.com
A12: 11 | B12: 25VE1A6610 | C12: DODDARAPU LINGASWAMY | D12: DODDARAPU PARUSHARAMULU | E12: DODDARAPU MANJULA | F12: Male | G12: 7569823652 | H12: 8639359760 | I12: doddarapulingaswamy@gmail.com
A13: 12 | B13: 25VE1A6611 | C13: ELE ABHINAV | D13: ELE RAMAKRISHNA | E13: ELE ROOPA | F13: Male | G13: 9063400307 | H13: 7287875104 | I13: abhinavele69@gmail.com
... A63: 62 | B63: 25VE1A6662 | C63: VAJJALA TEJASWINI | D63: MURALI | E63: UMA RANI | F63: Female | G63: 7658975829 | H63: 9700603601 | I63: tejaswini509@gmail.com
A64: 63 | B64: 25VE1A6663 | C64: VARIKUPPALA SHRAVAN KUMAR | D64: VARIKUPPALA VENKATESH | E64: VARIKUPPALA PADMA | F64: Male | I64: 25VE1A6663@sreyas.ac.in
A65: 64 | B65: 25VE1A6664 | C65: VEERAMALLA TARUNI | D65: VEERAMALLA VENKAT RAMANA | E65: VEERAMALLA SHILPA | F65: Female | G65: 8019381228 | H65: 9550313646 | I65: taruniveeramalla@gmail.com
A66: 65 | B66: 25VE1A6665 | C66: YEJARLA KETHINI | D66: YEJARLA NARASINGA RAO | E66: YEJARLA KOTESWARAMMA | F66: Female | G66: 9110334936 | H66: 9948535216 | I66: kethiniyejarla@gmail.com

Sheet 2-1B
A1: S.NO | B1: H.T.NO | C1: STUDENT NAME | D1: FATHER NAME | E1: MOTHER NAME | F1: GENDER | G1: ST.NO | H1: P.NO | I1: MAIL ID
A2: 1 | B2: 24VE1A6635 | C2: MOHAMMED MUNEEB SAYEED | D2: MOHAMMED ARIF SAYEED | E2: SIDDIQUA | F2: Male | G2: 8328447271 | H2: 7207470949 | I2: muneebsayeed07@gmail.com
A3: 2 | B3: 25VE1A6666 | C3: ABIVARNYA ANEGOUNI | D3: ANEGOUNI GOUTHAM RAJ | E3: ANEGOUNI JAGADEESHWARI | F3: Male | G3: 8498855556 | H3: 8099449908 | I3: anegouni.abivarnya@gmail.com
A4: 3 | B4: 25VE1A6667 | C4: AEDURUGATLA KRISHNAVENI | D4: AEDURUGATLA NARENDAR | E4: AEDURUGATLA SUSHILA | F4: Female | G4: 8121650984 | H4: 6303554886 | I4: krishnaveniaedurugatla@gmail.com
A5: 4 | B5: 25VE1A6668 | C5: AENUGULA JAYARANI | D5: AENUGULA SAMPATH | E5: AENUGULA BHAGYA LAKSHMI | F5: Female | G5: 8985693297 | H5: 9441846113 | I5: anugulajayarani@gmail.com
A6: 5 | B6: 25VE1A6669 | C6: AVULA ADITHYA | D6: AVULA KRISHNA | E6: AVULA KAVITHA | F6: Male | G6: 9963833875 | H6: 7093451158 | I6: adithyaavula@78gmail.com
A7: 6 | B7: 25VE1A6670 | C7: AVULA SHESHANTH | D7: AVULA VENKATESH | E7: AVULA DEEPIKA | F7: Male | G7: 8978720265 | H7: 9014132475 | I7: sheshantha83@gmail.com
A8: 7 | B8: 25VE1A6671 | C8: BADDAM RAMYA REDDY | D8: BADDAM VENKAT REDDY | E8: BADDAM RANI | F8: Female | G8: 9391842449 | H8: 9866823227 | I8: bkirthir@gmail.com
A9: 8 | B9: 25VE1A6672 | C9: BANDARI SEVANTHIKA | D9: BANDARI RAVI KUMAR | E9: B ARCHANA | F9: Female | G9: 7702394949 | H9: 9885664563 | I9: bandarisevanthika@gmail.com
A10: 9 | B10: 25VE1A6673 | C10: BANDARI SNEHA | D10: BANDARI KRISHNAKAR | E10: SRIRAMASHETTI RADHIKA | F10: Female | G10: 8520050656 | H10: 9618106643 | I10: snehabandari0@gmail.com
A11: 10 | B11: 25VE1A6674 | C11: BOINAPALLY SREE VARNITHA | D11: BOINAPALLY VENKAT RAM MOHAN RAO | E11: BOINAPALLY RAMA DEVI | F11: Female | G11: 7993729448 | H11: 9848227191 | I11: varnitha2008@gmail.com
A12: 11 | B12: 25VE1A6675 | C12: BOMMU STHITHA PRAGNA | D12: SHANKARAIAH | E12: PADMA | F12: Female | G12: 9490690195 | H12: 9848877566 | I12: sthithapragnabommu@gmail.com
A13: 12 | B13: 25VE1A6676 | C13: BURUGU AKHIL | D13: SAIDULU | E13: ANITHA | F13: Male | G13: 7989613346 | H13: 7660843206 | I13: akhilburugu07@gmail.com
... A15: 14 | B15: 25VE1A6678 | C15: CHELAMALA GURUMURTHI | D15: CHELAMALA EDUKONDALU | E15: CHELAMALA SRILATHA | F15: Male | G15: 6304169654 | H15: 9705892737 | I15: chelamalagurumurthi@gmail.com
A16: 15 | B16: 25VE1A6679 | C16: CHIKURI SHIVA CHARAN | D16: CHIKURI KRISHNA | E16: CHIKURI NAGAMANI | F16: Male | I16: 25VE1A6679@sreyas.ac.in
A17: 16 | B17: 25VE1A6680 | C17: CHINTA ROBINSON OPHIR | D17: CHINTA EMMANUEL ROBINSON | E17: CHINTA BEULAH BLESSEENA | F17: Female | G17: 7416720040 | H17: 8341050040 | I17: 25ve1a6680@gmail.com
A18: 17 | B18: 25VE1A6681 | C18: CHITTI RUSHIKESH REDDY | D18: CHITTI RAJENDAR REDDY | E18: CHITTI SWATHI | F18: Male | G18: 9347236149 | H18: 9704602768 | I18: chittirushikeshreddy3@gmail.com
A19: 18 | B19: 25VE1A6682 | C19: DANDU SHRUTHI | D19: D RAMESHWAR | E19: D RAJINI | F19: Female | G19: 9292302457 | H19: 7981282931 | I19: rajaniDandu16@gmail.com
A20: 19 | B20: 25VE1A6683 | C20: DEEKONDA ABHIRAM | D20: DEEKONDA SRINIVAS | E20: DEEKONDA KAVITHA | F20: Male | G20: 7674061107 | H20: 9849110084 | I20: abhiramdeekonda6@gmail.com
A21: 20 | B21: 25VE1A6684 | C21: DESHPEDDI ADITYA | D21: DESHPEDDI VINOD KUMAR | E21: SALLA SANDEEPA | F21: Male | G21: 8639961807 | H21: 9908886622 | I21: adityad2617@gmail.com
A22: 21 | B22: 25VE1A6685 | C22: DEVANSH SINGH | D22: BALAJI SINGH | E22: SWETHA SINGH | F22: Male | G22: 9391630339 | H22: 7981193400 | I22: mrdevansh91@gmail.com
A23: 22 | B23: 25VE1A6686 | C23: DHRUV CHAVAN | D23: MARTHAND RAO CHAVAN | E23: VASANTHA CHAVAN | F23: Male | G23: 9398023881 | H23: 9246358441 | I23: chavandhruv203@gmail.com
A24: 23 | B24: 25VE1A6687 | C24: DIVILA SRINIDHI | D24: DIVILA KONDAM RAJU | E24: DIVILA JYOTHI | F24: Female | G24: 9441634638 | H24: 9949404864 | I24: divilasrinidhi@gmail.com
A25: 24 | B25: 25VE1A6688 | C25: DONTHARABOYINA BHANU SRI | D25: DONTHARABOYINA YADAGIRI | E25: DONTHARABOYINA KALAVATHI | F25: Female | G25: 7386053804 | H25: 7036290124 | I25: dontharaboinasaiteja@gmail.com
A26: 25 | B26: 25VE1A6689 | C26: G AKSHAI KUMAR REDDY | D26: G RAJENDHER REDDY | E26: G MANJULA | F26: Male | G26: 9346380508 | H26: 7989083446 | I26: akshaynull24@gmail.com
A27: 26 | B27: 25VE1A6690 | C27: GANAGANI ARCHANA | D27: GANAGANI NAGESH | E27: GANAGANI SRUJANA | F27: Female | G27: 9347811588 | H27: 9951311588 | I27: archanaganagani9642@gmail.com
A28: 27 | B28: 25VE1A6691 | C28: GANGULA LOKESH | D28: GANGULA VENKANNA | E28: GANGULA SHOBHA | F28: Male | G28: 9908529754 | H28: 9160029754 | I28: lokeshgangula2@gmail.com
... A38: 37 | B38: 25VE1A66A2 | C38: KUNA ABHISHEK | D38: KUNA MALLIKARJUN | E38: KUNA SARITHA | F38: Male | G38: 7207859852 | H38: 9849149069 | I38: kunamallikarjun@gmail.com
A39: 38 | B39: 25VE1A66A3 | C39: KUNDE BHARGAVA | D39: KUNDE SUDHEER KUMAR | E39: KUNDE RADHIKA | F39: Male | I39: 25VE1A66A3@sreyas.ac.in
A40: 39 | B40: 25VE1A66A4 | C40: KURMETI NARASIMHA | D40: KURMETI POCHAIAH | E40: KURMETI PARVATHAMMA | F40: Male | G40: 6281959104 | H40: 9000116368 | I40: kurmetinarsi@gmail.com
A41: 40 | B41: 25VE1A66A5 | C41: MANAV BHARATHI | D41: MONI BHARATHI | E41: MANJU BHARATHI | F41: Male | G41: 8897920565 | H41: 8309160825 | I41: manavbharthi24@gmail.com
A42: 41 | B42: 25VE1A66A6 | C42: MANGALAMPALLI SANKEERTHANA | D42: MANAGALAMPALLI YADAGIRI | E42: MANGALAMPALLI VANI | F42: Female | G42: 7207010406 | H42: 9182668319 | I42: mskeerthana45@gmail.com
A43: 42 | B43: 25VE1A66A7 | C43: MOHAMMED FARHAN AHMED | D43: MOHAMMED IMRAN AHMED | E43: NAZIMA NASREEN | F43: Male | G43: 9703581044 | H43: 9885137000 | I43: ahmedfarhan07.md@gmail.com
A44: 43 | B44: 25VE1A66A8 | C44: NALIMELA REVANTH REDDY | D44: NALIMELA NAVEEN | E44: NALIMELA SANDHYA | F44: Male | G44: 8919246104 | H44: 9866966823 | I44: revanthlucky9866@gmail.com
A45: 44 | B45: 25VE1A66A9 | C45: NANDAIAHGARI NEHA | D45: NANDAIAHGARI RAMESH | E45: NANDAIAHGARI SHARADHA | F45: Female | G45: 9390823972 | H45: 9989128676 | I45: nandaiahgarineha@gmail.com
A46: 45 | B46: 25VE1A66B0 | C46: PANTANGI VENKATA LALITH KEYUR | D46: PANTANGI SITARAMAIAH | E46: PANTANGI VASAVI | F46: Male | G46: 8919391531 | H46: 9985381222 | I46: keyurhappy24@gmail.com
A47: 46 | B47: 25VE1A66B1 | C47: PATLOLA AKSHITHA PAATIL | D47: PATLOLA CHEN BASAPPA | E47: PATLOLA SWAPNA | F47: Female | G47: 6302233025 | H47: 8688938071 | I47: akshithapatil75@gmail.com
A48: 47 | B48: 25VE1A66B2 | C48: PINGALI SRI KUMARA VAISHNAVI | D48: PINGALI VENKATA GOPALA PAVAN KUMAR BHANU | E48: PINGALI LAKSHMI APARNA KOTESWARI | F48: Female | G48: 9959458247 | H48: 9618833999 | I48: pvaishnavi691@gmail.com
A49: 48 | B49: 25VE1A66B3 | C49: PITTALA ABHINAV | D49: PITTALA MALLESHAM | E49: PITTALA NIRMALA | F49: Male | G49: 9494723406 | H49: 9908641040 | I49: abhinavmudhiraj09@gmail.com
A50: 49 | B50: 25VE1A66B4 | C50: PITTALA VYSHNAVI | D50: PITTALA SHANKARAIAH | E50: PITTALA LALITHA | F50: Female | G50: 8179099473 | H50: 9963239754 | I50: vyshnavipittala332@gmail.com
A51: 50 | B51: 25VE1A66B5 | C51: PUPPALA AKSHAYA | D51: PUPPALA NAGENDRA PRASAD | E51: PUPPALA SWARUPA | F51: Female | G51: 9390443997 | H51: 9603695746 | I51: akshayapatel1102@gmail.com
... A65: 64 | B65: 25VE1A66C9 | C65: VELPURI SAI MANJUNATH | D65: VELPURI SRINIVASA RAO | E65: VELPURI SRAVANTHI | F65: Male | G65: 9494880463 | H65: 9494153881 | I65: velpurisaimanjunath@gmail.com

Sheet 2-1C
A1: S.NO | B1: H.T.NO | C1: STUDENT NAME | D1: FATHER NAME | E1: MOTHER NAME | F1: GENDER | G1: ST.NO | H1: P.NO | I1: MAIL ID
A2: 1 | B2: 24VE1A6690 | C2: KETHAVATH VISHAL | D2: K LAXMAN NAIK | E2: K DEVI BAI | F2: Male | G2: 9391494558 | H2: 9921200298 | I2: kethavathvishal884@gmail.com
A3: 2 | B3: 25VE1A66D0 | C3: AHMEDHI SANIYA BEGUM | D3: MOHAMMED KHALEEL | E3: NASEEM BEGUM | F3: Female | G3: 8008935003 | H3: 9346924688 | I3: khaleel800893@gmail.com
A4: 3 | B4: 25VE1A66D1 | C4: ALAMPALLY ASHRITHA | D4: ALAMPALLY SANGAMESHWARLU | E4: ALAMPALLY PARAMESHWARI | F4: Female | G4: 9398479105 | H4: 6301503625 | I4: alampalliashritha@gmail.com
A5: 4 | B5: 25VE1A66D2 | C5: BAGHAVATHULA KARTHIKEYA | D5: BAGHAVATHULA RAJKUMAR | E5: BAGHAVATHULA SRILALITHA | F5: Male | I5: 25VE1A66D2@sreyas.ac.in
A6: 5 | B6: 25VE1A66D3 | C6: BANDA SHASHIDHAR REDDY | D6: BANDA PRASAD REDDY | E6: BANDA SARITHA | F6: Male | G6: 7671817011 | H6: 7671817011 | I6: shashidharreddy1404@gmail.com
A7: 6 | B7: 25VE1A66D4 | C7: BANDARI MANI PRITAM | D7: BANDARI SREEKANTH | E7: BANDARI RENUKA | F7: Male | I7: 25VE1A66D4@sreyas.ac.in
A8: 7 | B8: 25VE1A66D5 | C8: BANDARU CHAKRADHAR RAO | D8: BANDARU DAYAKAR RAO | E8: SADAMANI SUBHADRA | F8: Male | G8: 9959655733 | H8: 9959655733 | I8: 25ve1a66d5@sreyas.ac.in
A9: 8 | B9: 25VE1A66D6 | C9: BANOTHU SIDDU | D9: BANOTHU RAVI | E9: BANOTHU SAKRI | F9: Male | G9: 6304321358 | H9: 9014516742 | I9: sidhurajofficial@gmail.com
A10: 9 | B10: 25VE1A66D7 | C10: BEERAM MANASA | D10: BEERAM KONDAL REDDY | E10: BEERAM KALPANA | F10: Female | G10: 9505640159 | H10: 8106236439 | I10: beerammanasa72@gmail.com
A11: 10 | B11: 25VE1A66D8 | C11: BHOOPALA MANVITHA | D11: BHOOPALA RAVINDER | E11: BHOOPALA PADMAJA | F11: Female | G11: 8125052707 | H11: 8309818317 | I11: bhoopalamanvitha27@gmail.com
A12: 11 | B12: 25VE1A66D9 | C12: BODUPALLY VAMSHI | D12: BODUPALLY SANTOSH KUMAR | E12: BODUPALLY CHANDANA | F12: Male | G12: 7680066513 | H12: 9966406513 | I12: vamshi25ve1a66d9@gmail.com
A13: 12 | B13: 25VE1A66E0 | C13: BONAM VASANTH CHAKRI | D13: BONAM S S R GOPALA SWAMY | E13: BONAM SITA RAMA LAKSHMI | F13: Male | G13: 9533885852 | H13: 8688911241 | I13: vasanthchakri6@gmail.com
A14: 13 | B14: 25VE1A66E1 | C14: BUDURU ABHIGNA | D14: BUDURU JAGADEESHWAR REDDY | E14: BUDURU JYOTHI | F14: Female | G14: 9133902194 | H14: 9963902193 | I14: abhignareddybuduru@gmail.com
A15: 14 | B15: 25VE1A66E2 | C15: BURRI SATHVIKA | D15: BURRI RAMANA REDDY | E15: BURRI SANDHYA | F15: Female | G15: 9959506104 | H15: 9866506104 | I15: sathvikaburry@gmail.com
A16: 15 | B16: 25VE1A66E3 | C16: DAKSH NAKRANI | D16: NAKRANI PRAVEEN KUMAR | E16: NAKRANI HEENA | F16: Male | G16: 9493505167 | H16: 9949062167 | I16: dakshnakrani30@gmail.com
A17: 16 | B17: 25VE1A66E4 | C17: DASOJU GAYATHRI | D17: DASOJU ANJANEYULU | E17: DASOJU UMA | F17: Female | G17: 6300184016 | H17: 9705714844 | I17: gayathridasoju05@gmail.com
A18: 17 | B18: 25VE1A66E5 | C18: DIDDI AKSHAYYA | D18: DIDDI LAXMINARAYANA | E18: DIDDI SANDHYA KAVITHA | F18: Female | G18: 7075555596 | H18: 9866166692 | I18: akshayyadiddi@gmail.com
A19: 18 | B19: 25VE1A66E6 | C19: GAJULA SRINIDHI | D19: GAJULA GANESH | E19: GAJULA VARALAXMI | F19: Female | G19: 9666657009 | H19: 9951211751 | I19: Gajulasrinidhi23@gmail.com
... A22: 21 | B22: 25VE1A66E9 | C22: JAKKA RASAGNA | D22: JAKKA CHINNA RAJESHWAR | E22: JAKKA RAJU | F22: Female | G22: 9490918462 | H22: 9440018462 | I22: rasagnajakka@gmail.com
A23: 22 | B23: 25VE1A66F0 | C23: JAKKIDI BALA MANIKANTA REDDY | D23: JAKKIDI NARENDER REDDY | E23: JAKKIDI LAVANYA | F23: Male | I23: 25VE1A66F0@sreyas.ac.in
A24: 23 | B24: 25VE1A66F1 | C24: JILLELA UDAY SHANKAR VARAPRASAD REDDY | D24: J KARUNAKAR REDDY | E24: J VARALAKSHMI | F24: Male | G24: 8374592006 | H24: 9704117153 | I24: udayjillela24@gmail.com
A25: 24 | B25: 25VE1A66F2 | C25: KADALI KALYAN | D25: KADALI VENKATARAMANA | E25: KADALI NAGALAKSHMI | F25: Male | G25: 9948491133 | H25: 9951688140 | I25: kadalikalyan45674@gmail.com
A26: 25 | B26: 25VE1A66F3 | C26: KAKANI NAGA SAI HARITHA | D26: KAKANI RAVI KUMAR | E26: KAKANI SARADA | F26: Female | G26: 6309781273 | H26: 8464999374 | I26: nsharitha0709@gmail.com
A27: 26 | B27: 25VE1A66F4 | C27: KAMMARI LAHARI | D27: KAMMARI MOHAN CHARY | E27: KAMMARI VANI | F27: Female | G27: 9392618552 | H27: 9247856729 | I27: 25ve1a66f4@gmail.com
A28: 27 | B28: 25VE1A66F5 | C28: KANATHARAPU ASHRITHA | D28: KANATHARAPU KISHORE KUMAR | E28: KANATHARAPU KRISHNAVENI | F28: Female | G28: 7989910152 | H28: 9951355771 | I28: kishore.kanatharapu@gmail.com
A29: 28 | B29: 25VE1A66F6 | C29: KARRE BHEEMESH | D29: KARRE BHEEMSHAPPA | E29: KARRE PADMAMMA | F29: Male | G29: 8688394973 | H29: 6303401854 | I29: bheemmadival4973@gmail.com
A30: 29 | B30: 25VE1A66F7 | C30: KETHAVATH ABHILASH | D30: KETHAVATH HANUMANTHU | E30: KETHAVATH SUSHEELA | F30: Male | I30: 25VE1A66F7@sreyas.ac.in
A31: 30 | B31: 25VE1A66F8 | C31: KETHAVATH GANESH | D31: K RAGYA NAYAK | E31: K SHANTHAMMA | F31: Male | G31: 9281416643 | H31: 9010738351 | I31: kethavathg694@gmail.com
A32: 31 | B32: 25VE1A66F9 | C32: KHUDSIA SULTANA | D32: SHAIK RAHMATH ALI | E32: NAZIA SULTANA | F32: Female | G32: 7330702811 | H32: 9059902811 | I32: khudsiasultana246@gmail.com
A33: 32 | B33: 25VE1A66G0 | C33: KILAJI SAI TEJA | D33: KILAJI PRAKASH | E33: KILAJI SUJATHA | F33: Male | G33: 7207624285 | H33: 8008096895 | I33: kilajisaiteja22@gmail.com
A34: 33 | B34: 25VE1A66G1 | C34: KOYALKAR NIKITHA | D34: KOYALKAR MURALI | E34: KOYALKAR LATHA | F34: Female | G34: 8688679128 | H34: 9701528198 | I34: koyalkarnikitha2@gmail.com
A35: 34 | B35: 25VE1A66G2 | C35: KUNDAN ANKITH KUMAR | D35: K NAVEEN KUMAR | E35: K APARNA | F35: Male | G35: 8125193033 | H35: 8897950187 | I35: ankithkumarkundan@gmail.com
A36: 35 | B36: 25VE1A66G3 | C36: KURELLA VEDANTH | D36: KURELLA UDAY PRAKASH | E36: KURELLA LAXMI PRASANNA | F36: Male | G36: 8886979393 | H36: 9393979393 | I36: vedanthkurella@gmail.com
A37: 36 | B37: 25VE1A66G4 | C37: MAHESHWARAM DHANUSH VARDHAN CHARY | D37: MAHESHWARAM SRINIVAS CHARY | E37: MAHESHWARAM LAXMI | F37: Male | G37: 9573104902 | H37: 9440280924 | I37: maheshwaramdanushvardhanchary@gmail.com
A38: 37 | B38: 25VE1A66G5 | C38: MANDULA TEJASH | D38: MANDULA RAMESH KUMAR | E38: MANDULA MANJULA | F38: Male | G38: 9346509067 | H38: 9491748876 | I38: mtejash14@gmail.com
A39: 38 | B39: 25VE1A66G6 | C39: MANTHANI VIDHATHA | D39: MANTHANI VENU GOPAL | E39: M KALYANI | F39: Male | G39: 8247797008 | H39: 9346328632 | I39: vidhathamanthani@gmail.com
A40: 39 | B40: 25VE1A66G7 | C40: MOHAMMED ABDUL MUHAIMIN | D40: MOHAMMED ABDUL MUBEEN | E40: TANVEER SALMA | F40: Male | G40: 8125372310 | H40: 9703450490 | I40: sreyas66g7@gmail.com
A41: 40 | B41: 25VE1A66G8 | C41: MUDIGONDA SINDHU | D41: MUDIGONDA MOHAN | E41: MUDIGONDA LAXMI | F41: Female | G41: 9346766314 | H41: 9866615244 | I41: sindhu280707@gmail.com
A42: 41 | B42: 25VE1A66G9 | C42: NALLA VINUTHNA | D42: NALLA SRINIVAS | E42: NALLA SABITHA | F42: Female | I42: 25VE1A66G9@sreyas.ac.in
A43: 42 | B43: 25VE1A66H0 | C43: NARAMONI SHRUTHI | D43: NARAMONI JANGAIAH | E43: NARAMONI ARUNAMMA | F43: Female | G43: 9912834894 | H43: 9848170412 | I43: naramonishruthi@gmail.com
A44: 43 | B44: 25VE1A66H1 | C44: PAGIDIPALA SOUMYA | D44: PAGIDIPALA SOMANARAYANA | E44: PAGIDIPALA JYOTHI | F44: Female | G44: 9182404879 | H44: 9441304879 | I44: soumyapagidipala11@gmail.com
A45: 44 | B45: 25VE1A66H2 | C45: PAGILLA NAVEENA | D45: PAGILLA VEERAIAH | E45: PAGILLA SHANTHA | F45: Female | G45: 7680004719 | H45: 9866831117 | I45: naveenaa137@gmail.com
A46: 45 | B46: 25VE1A66H3 | C46: PATHLAVATH KISHORE | D46: PATHLAVATH DEEPLA | E46: PATHLAVATH LALITHA | F46: Male | G46: 9010596580 | H46: 7013452744 | I46: pathlavathkishore93@gmail.com
A47: 46 | B47: 25VE1A66H4 | C47: PATURI UDHAY KUMAR | D47: PATURI VENKATESWARLU | E47: PATURI LALITHA KUMARI | F47: Male | G47: 9989686600 | H47: 9949738438 | I47: 25ve1a66h4sreyas@gmail.com
A48: 47 | B48: 25VE1A66H5 | C48: POTTNIMGARI APOORVA | D48: POTTNIMGARI SRIDHAR REDDY | E48: POTTNIMGARI SAGARIKA | F48: Female | G48: 9398853601 | H48: 9491535466 | I48: pottnimgariapoorvareddy@gmail.com
A49: 48 | B49: 25VE1A66H6 | C49: RACHURI DEVANSH | D49: RACHURI RAGHAVENDRA PRAKASH | E49: RACHURI LATHA | F49: Male | G49: 9618561524 | H49: 9247814272 | I49: rachuridevansh48ifc@gmail.com
A50: 49 | B50: 25VE1A66H7 | C50: RAMAVATH NANDINI | D50: RAMAVATH SRINU | E50: RAMAVATH LALITHA | F50: Female | G50: 8919259756 | H50: 8919259756 | I50: nandiniramavath62@gmail.com
A51: 50 | B51: 25VE1A66H8 | C51: RAVULA MANISH YADAV | D51: RAVULA SRIHARI YADAV | E51: RAVULA KAVITHA | F51: Male | G51: 9959655733 | H51: 9959655733 | I51: 25ve1a66h8@sreyas.ac.in
A52: 51 | B52: 25VE1A66H9 | C52: SAGGELA SUCHITHA | D52: SAGGELA NARSINGH RAO | E52: SAGGELA BHAGYA LAXMI | F52: Female | G52: 9346647564 | H52: 9985692991 | I52: suchithasaggela@gmail.com
A53: 52 | B53: 25VE1A66J0 | C53: SUBHASRI TRIPATI | D53: PRADEEP TRIPATI | E53: RANJITHA TRIPATI | F53: Female | G53: 9391460254 | H53: 9652721317 | I53: subhasree3007@gmail.com
A54: 53 | B54: 25VE1A66J1 | C54: TAKUR SEJJAL | D54: TAKUR RATAN SINGH | E54: TAKUR MAHALAXMI | F54: Female | G54: 7601065771 | H54: 7013055047 | I54: sejjaltakur2008@gmail.com
... A66: 65 | B66: 25VE1A66K3 | C66: YELAGONDA VINAY KUMAR | D66: YELAGONDA LAXMI NARAYANA | E66: YELAGONDA RAJITHA | F66: Male | G66: 9989770080 | H66: 9966333623 | I66: vinaykumaryelagonda11@gmail.com

Sheet 2-1D
A1: S.NO | B1: H.T.NO | C1: STUDENT NAME | D1: FATHER NAME | E1: MOTHER NAME | F1: GENDER | G1: ST.NO | H1: P.NO | I1: MAIL ID
A2: 1 | B2: 25VE1A66K4 | C2: AJMEERA ARAVIND NAYAK | D2: AJMEERA RAVI | E2: AJMEERA SUNITHA | F2: Male | G2: 9381031324 | H2: 9949319908 | I2: aravindajmeera74@gmail.com
A3: 2 | B3: 25VE1A66K5 | C3: ALLENI AAPTHI RAO | D3: ALLENI RAJASHEKAR RAO | E3: ALLENI RAMYA | F3: Female | G3: 8106979995 | H3: 9010180411 | I3: m83082181@gmail.com
A4: 3 | B4: 25VE1A66K6 | C4: ANANTHULA VEDA KEERTHI | D4: ANANTHULA VENUGOPAL | E4: ANANTHULA RAJITHA | F4: Female | G4: 9346877337 | H4: 9014951776 | I4: keerthishetty1414@gmail.com
A5: 4 | B5: 25VE1A66K7 | C5: BANDA NIKHITHA | D5: BANDA SOMALINGAM | E5: BANDA VIJAYALAKSHMI | F5: Female | G5: 9347811755 | H5: 9396623384 | I5: nikhithabanda4@gmail.com
A6: 5 | B6: 25VE1A66K8 | C6: BANDI BHANUPRAKASH | D6: BANDI RAVI | E6: BANDI JYOTHI | F6: Male | G6: 6303008993 | H6: 9949293712 | I6: bhanuprakashbandi656@gmail.com
A7: 6 | B7: 25VE1A66K9 | C7: BATHULA SAHASRA | D7: BATHULA SRINIVAS | E7: BATHULA SARITHA | F7: Female | G7: 8500818889 | H7: 9866670707 | I7: sahasrabathula8889@gmail.com
A8: 7 | B8: 25VE1A66L0 | C8: BHUDIDHA BHADRINATH | D8: BHUDIDHA ANJAIAH | E8: BHUDIDHA LAKSHMI | F8: Male | G8: 6304827624 | H8: 6304827624 | I8: 25ve1a66l0@gmail.com
A9: 8 | B9: 25VE1A66L1 | C9: BODDUPELLI PRANEESH KUMAR | D9: BODDUPELLI VENKANNA | E9: BODDUPELLI SRILATHA | F9: Male | G9: 9398805997 | H9: 6303923306 | I9: praneshboddupalli369@gmail.com
A10: 9 | B10: 25VE1A66L2 | C10: BOMMU MOUNIKA | D10: BOMMU ANJANEYULU | E10: BOMMU DHANAMMA | F10: Female | G10: 9398676188 | H10: 6303789546 | I10: 25ve1a66l2@gmail.com
A11: 10 | B11: 25VE1A66L3 | C11: CHEERLA ANVITH | D11: CHEERLA MAHESH | E11: CHEERLA SANDHYA | F11: Male | G11: 6303319523 | H11: 7386862829 | I11: anvithch125@gmail.com
A12: 11 | B12: 25VE1A66L4 | C12: CHINNAM NIDHI SRI | D12: CHINNAM MALLESH | E12: CHINNAM SRILATHA | F12: Female | I12: 25VE1A66L4@sreyas.ac.in
A13: 12 | B13: 25VE1A66L5 | C13: DASARI SANJANA | D13: DASARI RAMAIAH | E13: DASARI SWATHI | F13: Female | G13: 7997499382 | H13: 7661073750 | I13: dasarisanjana07@gmail.com
A14: 13 | B14: 25VE1A66L6 | C14: DHARAVATH NITHIN | D14: DHARAVATH SUNDAR | E14: DHARAVATH JYOTHI | F14: Male | G14: 9346300824 | H14: 9640017649 | I14: 25ve1a66l6@gmail.com
A15: 14 | B15: 25VE1A66L7 | C15: EDULA AMULYA | D15: EDULA SRI RAMULU | E15: EDULA RENUKA | F15: Female | G15: 9390217935 | H15: 9390217935 | I15: edulaamulya2@gmail.com
A16: 15 | B16: 25VE1A66L8 | C16: EITTY SAI CHARAN REDDY | D16: EITTY ANAND REDDY | E16: EITTY SUNITHA | F16: Male | G16: 8688007119 | H16: 7013775209 | I16: eittysaicharanreddy2020@gmail.com
A17: 16 | B17: 25VE1A66L9 | C17: EMMADISHETTI VISHWAK SEN | D17: EMMADISHETTI NARSIMHA | E17: EMMADISHETTI SUNITHA | F17: Male | G17: 9492644229 | H17: 8121903030 | I17: vishwaksen111@gmail.com
A18: 17 | B18: 25VE1A66M0 | C18: G CHINMA YI SAI | D18: G NAVEEN CHARY | E18: G LAVANYA | F18: Female | G18: 9347146535 | H18: 9346296286 | I18: chinmayisaigundoju@gmail.com
A19: 18 | B19: 25VE1A66M1 | C19: GANJI BALA SHREYAS REDDY | D19: GANJI BHASKER REDDY | E19: GANJI ARUNA | F19: Male | G19: 9030718287 | H19: 8247316331 | I19: fredshreyas@gmail.com
A20: 19 | B20: 25VE1A66M2 | C20: GANJI SUJITHA | D20: GANJI ANJAIAH | E20: GANJI ANITHA | F20: Female | G20: 6309739429 | H20: 8106402550 | I20: ganji.sujitha2007@gmail.com
A21: 20 | B21: 25VE1A66M3 | C21: GOLI YASHWASIN | D21: G R SRAVAN KUMAR | E21: G SANTOSHINI | F21: Male | G21: 9515765250 | H21: 9849526115 | I21: yashwasin24@gmail.com
A22: 21 | B22: 25VE1A66M5 | C22: HASINI REDDY | D22: KARUNKAR REDDY | E22: SADHANA REDDY | F22: Female | G22: 7093604795 | H22: 9989785695 | I22: ghasinireddy2007@gmail.com
A23: 22 | B23: 25VE1A66M6 | C23: JAGAPATHI KEERTHANA | D23: JAGAPATHI VIKRAM | E23: JAGAPATHI VEENA | F23: Female | G23: 9390299616 | H23: 9030424813 | I23: jkeerthana24107@gmail.com
A24: 23 | B24: 25VE1A66M7 | C24: KADAARI MOKSHIT | D24: KADAARI VIKRAM BABU | E24: CHALUVALA SARITHA | F24: Male | G24: 9502031383 | H24: 9866243463 | I24: k.mokshit2007@gmail.com
... A64: 63 | B64: 25VE1A66R7 | C64: Y ANUSH BHAVYA | D64: Y SRIKANTH | E64: Y SUNEETHA | F64: Female | G64: 7661830694 | H64: 9603803286 | I64: bhavya.anush2041@gmail.com

Sheet 3-1A
A1: S.NO | B1: H.T.NO | C1: STUDENT NAME | D1: FATHER NAME | E1: MOTHER NAME | F1: GENDER | G1: ST.NO | H1: P.NO | I1: MAIL ID
A2: 1 | B2: 23VE1A66G5 | C2: MEKALA ANUROOP | D2: MEKALA GOPAL | E2: MEKALA SUBHADRA | F2: Male | G2: 8309424421 | H2: 9392996460 | I2: anuroopmekala0@gmail.com
A3: 2 | B3: 24VE1A6601 | C3: ALIMPARAMBATH YESHASHRI | D3: ALIMPARAMBATH HARI KUMAR | E3: ALIMPARAMBATH LAKSHMI PRASANNA | F3: Female | G3: 7989344280 | H3: 7989325219 | I3: yeshasri8@gmail.com
A4: 3 | B4: 24VE1A6603 | C4: ALLIBADA ABHINAV GOUD | D4: ALLIBADA POORNA CHANDRA GOUD | E4: ALLIBADA SARITHA KALYANI | F4: Male | G4: 9290096795 | H4: 9247549777 | I4: goudabhinav828@gmail.com
A5: 4 | B5: 24VE1A6604 | C5: ARYAN RAVI MESHRAM | D5: RAVI SHRIRANG MESHRAM | E5: SUDHA RAVI MESHRAM | F5: Male | G5: 7382969383 | H5: 9848034113 | I5: aryanravim1712@gmail.com
A6: 5 | B6: 24VE1A6605 | C6: BELLAMKONDA KUSHAL REDDY | D6: BELLAMKONDA NAGI REDDY | E6: BELLAMKONDA KAVITHA | F6: Male | G6: 8919284099 | H6: 9398016551 | I6: bellamkondakushalreddy14@gmail.com
A7: 6 | B7: 24VE1A6606 | C7: BIRADAR AKSHITHA | D7: BIRADAR ASHOK | E7: BIRADAR RENUKA | F7: Female | G7: 8121590621 | H7: 8125510621 | I7: akshitha.biradar599@gmail.com
A8: 7 | B8: 24VE1A6608 | C8: CHADUVULA SRAVAN KUMAR | D8: CHADUVULA VINOD | E8: CHADUVULA SRIVANI | F8: Male | G8: 9059789311 | H8: 9177989311 | I8: sravanchaduvula@gmail.com
A9: 8 | B9: 24VE1A6609 | C9: CHANDRAGIRI TANUSH | D9: C VIJAY | E9: C TANUJA | F9: Male | G9: 6300188653 | H9: 9848060369 | I9: ctannush@gmail.com
A10: 9 | B10: 24VE1A6610 | C10: CHINTHAREDDY MOHITH REDDY | D10: CHINTHA REDDY SATYANARAYANA REDDY | E10: CHINTHAREDDY LAKSHMI | F10: Male | G10: 9392441837 | H10: 9704122384 | I10: 24VE1A6610@gmail.com
A11: 10 | B11: 24VE1A6611 | C11: CHITYALA SATYAGNANI | D11: C VENU GOPAL | E11: C MANJULA | F11: Male | G11: 6305863660 | H11: 6305863660 | I11: satyagnani4136@gmail.com
A12: 11 | B12: 24VE1A6612 | C12: DASARI SIRI CHANDANA | D12: D SATHYANARAYANA | E12: D MONIKA | F12: Female | G12: 9640531099 | H12: 9396640704 | I12: monikadomr@gmail.com
A13: 12 | B13: 24VE1A6613 | C13: DHARAVATH KISHORE NAYAK | D13: DHARAVATH HONA | E13: DHARVATH | F13: Male | G13: 9059620284 | H13: 9948346368 | I13: dharavathkishorenayak626@gmail.com
... A66: 65 | B66: 25VE5A6606 | C66: VALUVURI PRAVEEN | D66: VALUVURI SHOBUN BABU | E66: VALUVURI SUMALATHA | F66: Male | G66: 8978518587 | H66: 8099394005 | I66: valuvuripraveen@gmail.com

Sheet 3-1B
A1: S.NO | B1: H.T.NO | C1: STUDENT NAME | D1: FATHER NAME | E1: MOTHER NAME | F1: GENDER | G1: ST.NO | H1: P.NO | I1: MAIL ID
A2: 1 | B2: 22VE1A6625 | C2: KETHAVATH CHAITANYA | D2: KETHAVATH DHAKYA | F2: Male | G2: 9346328325 | H2: 9542939923 | I2: chaitanyakethavath@gmail.com
A3: 2 | B3: 22VE1A6662 | C3: UPPULA MAHESH | D3: UPPULA LINGAIAH | F3: Male | G3: 6302054605 | H3: 6302054605 | I3: maheshuppula245@gmail.com
A4: 3 | B4: 24VE1A6665 | C4: ADULA MYTHILI | D4: ADULA KIRAN KUMAR | E4: ADULA RAJITHA | F4: Female | G4: 8106036829 | H4: 9550911235 | I4: mythilikiran15@gmail.com
A5: 4 | B5: 24VE1A6666 | C5: ALLA PARDHASARADHI | D5: ALLA RAMBABU | E5: ALLA RADHA | F5: Male | G5: 6303932503 | H5: 7993049415 | I5: pardhuchowdaryalla19@gmail.com
A6: 5 | B6: 24VE1A6667 | C6: AMGOTHU AKHILA | D6: AMGOTHU VENU | E6: AMGOTHU VIJAYA | F6: Female | G6: 9346769058 | H6: 9949679903 | I6: akhilaamgoth16@gmail.com
A7: 6 | B7: 24VE1A6668 | C7: ANKAM HANSSIKA | D7: ANKAM GOPI | E7: ANKAM SUNITHA | F7: Female | G7: 7660978003 | H7: 9000008412 | I7: hanssikaankam@gmail.com
A8: 7 | B8: 24VE1A6669 | C8: B NEERAJ | D8: B MADHU MOHAN | E8: B CHARITHA | F8: Male | G8: 8247350779 | H8: 9866440183 | I8: bandiganeeraj@gmail.com
A9: 8 | B9: 24VE1A6670 | C9: BACHIREDDY ASHRITH REDDY | D9: BACHIREDDY RAJENDER REDDY | E9: BACHIREDDY GIRIJA REDDY | F9: Male | G9: 9346815436 | H9: 6302591994 | I9: ashrithr447@gmail.com
A10: 9 | B10: 24VE1A6671 | C10: BANDARI KAIVALYA NANDANA | D10: BANDARI RAMAKRISHNA | E10: B HARINI | F10: Female | G10: 8341192829 | H10: 9553363065 | I10: kaivalyabandari@gmail.com
A11: 10 | B11: 24VE1A6672 | C11: BARLA ASRITHA REDDY | D11: BARLA SANTHOSH REDDY | E11: BARLA KAVITHA | F11: Female | G11: 9912121696 | H11: 9010367029 | I11: asrithareddy58@gmail.com
A12: 11 | B12: 24VE1A6673 | C12: CHALAMALASETTY JAHNAVI GIRIJA | D12: CHALAMALASETTI RAMESH | E12: CH. KRISHNA PRIYA | F12: Female | G12: 9032834234 | H12: 9885675557 | I12: jahnavinaidu2006@gmail.com
A13: 12 | B13: 24VE1A6675 | C13: CHEGURI SAI CHARAN | D13: CHEGURI SUDHAKAR | E13: CHEGURI BALAMANI | F13: Male | G13: 7032338178 | H13: 9951078009 | I13: 24VE1A6675@gmail.com
A14: 13 | B14: 24VE1A6676 | C14: CHILLA ASMITHA | D14: CHILLA SRINIVAS REDDY | E14: CHILLA KAVITHA | F14: Female | G14: 8185913171 | H14: 9959863090 | I14: asmithareddy9959@gmail.com
A15: 14 | B15: 24VE1A6677 | C15: DOMA AJAY | D15: DOMA SRINIVASULU | E15: DOMA SARASWATHI | F15: Male | G15: 8008958089 | H15: 9704651379 | I15: domaajay187@gmail.com
... A50: 49 | B50: 24VE1A66B4 | C50: RAMAVATH SAILAJA | D50: RAMAVATH RAMJAN | E50: RAMAVATH UMA | F50: Female | G50: 8247433088 | H50: 7013811393 | I50: shailajaramavath44@gmail.com
A51: 50 | B51: 24VE1A66B6 | C51: RAYEENI SANTHOSH | D51: RAYEENI AMARENDRANATH | E51: 0 | F51: Male | G51: 9550109578 | H51: 9492199685 | I51: 24VE1A66B6@gmail.com
A52: 51 | B52: 24VE1A66B7 | C52: RUDRA NARAYAN ROUT | D52: `ARUN ROUT | E52: KALPANA ROUT | F52: Male | G52: 8179342532 | H52: 8179691352 | I52: rajarout1022@gmail.com
A53: 52 | B53: 24VE1A66B8 | C53: SAMA JITHIN REDDY | D53: SAMA SURESH REDDY | E53: SAMA HEMALATHA REDDY | F53: Male | G53: 9676174111 | H53: 8332952085 | I53: chatti.reddy@gmail.com
A54: 53 | B54: 24VE1A66B9 | C54: SARA SRINIDHI | D54: SARA SHIVA KUMAR | E54: SARA MADHAVI | F54: Female | G54: 6301962125 | H54: 9346692654 | I54: sarasrinidhi78@gmail.com
A55: 54 | B55: 24VE1A66C0 | C55: SARAGUNDLA PRANATHI | D55: SARAGUNDLA YALLAIAH | E55: SARAGUNDLA MAHIBOOBA | F55: Female | G55: 9182609603 | H55: 9010290761 | I55: saragundlapranathi@gmail.com
A56: 55 | B56: 24VE1A66C1 | C56: SHAIK MALIK | D56: SHAIK MADHAR SHAH VALI | E56: SHAIK HALEEMA | F56: Male | G56: 9866215592 | H56: 9866615592 | I56: shaikmalik1608@gmail.com
A57: 56 | B57: 24VE1A66C2 | C57: SIRIPOTHU ANU | D57: SIRIPOTHU VENKAT KUMAR | E57: SIRIPOTHU KARUNA | F57: Female | G57: 9866818911 | H57: 9866655543 | I57: anusri26633@gmail.com
A58: 57 | B58: 24VE1A66C3 | C58: SUSHITH NUNEMUNTHALA | D58: SUDHEER NUNEMUNTHALA | E58: LILY LOTHUKUNTA | F58: Male | G58: 7780390482 | H58: 9870814464 | I58: sushith.nunemunthala@gmail.com
A59: 58 | B59: 24VE1A66C4 | C59: THEEPI RUTHVIKA REDDY | D59: THEEPI BHASKAR REDDY | E59: THEEPI MANJULA REDDY | F59: Female | G59: 7416421655 | H59: 7981487785 | I59: rtheepi49@gmail.com
A60: 59 | B60: 24VE1A66C5 | C60: VAVILALA SAI SHRUTHI | D60: VAVILALA SRINIVAS REDDY | E60: VAVILALA PREMALATHA | F60: Female | G60: 7337262029 | H60: 9160202029 | I60: vshruthireddy11@gmail.com
A61: 60 | B61: 24VE1A66C6 | C61: VELUGU VINAY TEJA | D61: VELUGU JANAIAH | E61: VELUGU SHOBHA | F61: Male | G61: 8790404640 | H61: 9000629783 | I61: veluguvinay111@gmail.com
A62: 61 | B62: 24VE1A66C7 | C62: YASA SIRI TEJA | D62: YASA CHANDRA SHEKAR REDDY | E62: YASA KAVITHA | F62: Female | G62: 7032503240 | H62: 9346836868 | I62: yasasiri24@gmail.com
A63: 62 | B63: 24VE1A66C8 | C63: YEDULABAD AKSHAY RAJ | D63: YEDULABAD RAJASHEKAR | E63: YEDULABAD MEENA KUMARI | F63: Male | G63: 7989651337 | H63: 9247113504 | I63: y.akshayraj30@gmail.com
... A69: 68 | B69: 25VE5A6612 | C69: TUDI SRAVANI | D69: TUDI MALLESH | E69: TUDI SATHYAMMA | F69: Female | G69: 9346057038 | H69: 8179141456 | I69: sravanitudi@gmail.com

Sheet 3-1C
A1: S.NO | B1: H.T.NO | C1: STUDENT NAME | D1: FATHER NAME | E1: MOTHER NAME | F1: GENDER | G1: ST.NO | H1: P.NO | I1: MAIL ID
A2: 1 | B2: 24VE1A66C9 | C2: A GAYATHRI | D2: A GOPAL | E2: A.SHANKARAMMA | F2: Female | G2: 9177996929 | H2: 9908310989 | I2: gayathrireema1432@gmail.com
A3: 2 | B3: 24VE1A66D0 | C3: A HARINI REDDY | D3: A NAGI REDDY | E3: A MALLESWARI | F3: Female | G3: 9618864899 | H3: 7997993144 | I3: 24VE1A66D0@gmail.com
A4: 3 | B4: 24VE1A66D1 | C4: AKKINAPALLI AISHWARYA | D4: AKKINAPALLI NARENDRABABU | E4: AKKINAPALLI VANITHA | F4: Female | G4: 8247079582 | H4: 9396382982 | I4: akkinapalliaishu@gmail.com
A5: 4 | B5: 24VE1A66D2 | C5: AKSHAT RAJ | D5: MUKESH KUMAR | E5: RANJITA | F5: Male | G5: 8076358867 | H5: 8096791653 | I5: akshataraj19@gmail.com
A6: 5 | B6: 24VE1A66D3 | C6: ALIGIRI SHIVA PRASAD | D6: ALIGIRI CHANDRAMOHAN | E6: ALIGIRI LAKSHMI | F6: Male | G6: 9490777257 | H6: 7097874769 | I6: shivaaligiri@gmail.com
A7: 6 | B7: 24VE1A66D4 | C7: AMBATI ARCHANA | D7: AMBATI NARASIMHA | E7: AMBATI LAXMI | F7: Female | G7: 7893037748 | H7: 8688638085 | I7: archanaambati225@gmail.com
A8: 7 | B8: 24VE1A66D5 | C8: ATMAKUR SIDDHARTHA | D8: ATMAKUR JAGANNATH | E8: ATMAKUR NEERAJA | F8: Male | G8: 9849659106 | H8: 8919744364 | I8: sidhartha.2205@gmail.com
A9: 8 | B9: 24VE1A66D6 | C9: BAJA SRAVYA | D9: BAJA LACHULU | E9: BAJA LAXMI | F9: Female | G9: 9182802560 | H9: 9398702217 | I9: sravyabaja@gmail.com
A10: 9 | B10: 24VE1A66D7 | C10: BHUVANAGIRI SATYA SUBHASH | D10: BHUVANAGIRI SIVA KUMAR | E10: CHEENAPALLI SARITHA | F10: Male | G10: 9059980104 | H10: 7674826119 | I10: subhashbhuvanagiri9@gmail.com
A11: 10 | B11: 24VE1A66D8 | C11: BIMIDI AKHIL REDDY | D11: B RAJASHEKAR REDDY | E11: B MALINI | F11: Male | G11: 8125709823 | H11: 8074491258 | I11: bimidiakhilreddy@gmail.com
A12: 11 | B12: 24VE1A66D9 | C12: BODDU JASHWANTH REDDY | D12: BODDU BUCHI REDDY | E12: BODDU.MAMATHA | F12: Male | G12: 6300563776 | H12: 9959750112 | I12: mamathaboddu30@gmail.com
A13: 12 | B13: 24VE1A66E0 | C13: BOLLAM RISHITH | D13: BOLLAM MANIKYAM | E13: BOLLAM DEVENDRA | F13: Male | G13: 9959795645 | H13: 9848751822 | I13: rishithrishi777@gmail.com
... A69: 68 | B69: 25VE5A6618 | C69: SHEELAM VARUN | D69: SHEELAM SURESH | E69: SHEELAM MAHESHWARI | F69: Male | G69: 9347444506 | H69: 8121211242 | I69: sheelamvarun86@gmail.com

Sheet 4-1A
A1: S.NO | B1: H.T.NO | C1: STUDENT NAME | D1: FATHER NAME | E1: MOTHER NAME | F1: GENDER | G1: ST.NO | H1: P.NO | I1: MAIL ID
A2: 1 | B2: 23VE1A6601 | C2: ADDAGUDURU MANAS | D2: ADDAGUDURU RAGHUVEER | E2: ADDAGUDURU SADHVI | F2: Male | G2: 7799766622 | H2: 8801905090 | I2: manasaddaguduru@gmail.com
A3: 2 | B3: 23VE1A6602 | C3: ALUKA ASMITHA REDDY | D3: ALUKA VENKAT REDDY | E3: ALUKA SHIRISHA | F3: Female | G3: 9390865951 | H3: 9346889032 | I3: alukaasmithareddy@gmail.com
A4: 3 | B4: 23VE1A6603 | C4: AVULA NIKITHA | D4: AVULA VENKATA REDDY | E4: AVULA PRASANNA | F4: Female | G4: 8374944503 | H4: 9704527171 | I4: avulanikitha1104@gmail.com
A5: 4 | B5: 23VE1A6604 | C5: B HARSHITH REDDY | D5: B LOHITH REDDY | E5: B SUJATHA | F5: Male | G5: 8555938259 | H5: 8340998312 | I5: harshithreddy1416@gmail.com
A6: 5 | B6: 23VE1A6605 | C6: BAIRAGOUNI TEJASVI | D6: BAIRAGOUNI VENKATESH GOUD | E6: BAIRAGOUNI KALPANA | F6: Female | G6: 8919605652 | H6: 9246444735 | I6: tejasvigoud19@gmail.com
A7: 6 | B7: 23VE1A6606 | C7: BAIREDDY BHAVITHA | D7: BAIREDDY JAGAN MOHAN REDDY | E7: BAIREDDY ARUNA | F7: Female | G7: 9000384847 | H7: 9490499799 | I7: bhavithabaireddy92@gmail.com
A8: 7 | B8: 23VE1A6607 | C8: BANTUPALLY BHASKAR | D8: B SATHYAM | E8: B ESHWARAMMA | F8: Male | G8: 6305581431 | H8: 6303078431 | I8: bhaskarbantupally@gmail.com
A9: 8 | B9: 23VE1A6608 | C9: BIJJULA RISHIKA | D9: BIJJULA DHARMENDER REDDY | E9: BIJJULA KAVITHA | F9: Female | G9: 6301374308 | H9: 9032151836 | I9: rishikabijjulareddy@gmail.com
A10: 9 | B10: 23VE1A6609 | C10: BOJARABOINI RACHANA | D10: BOJARABOINI JAGADISH | E10: BOJARABOINI SANTOSHNEETA | F10: Female | G10: 7702061737 | H10: 9849446643 | I10: rachanamudhiraj1@gmail.com
A11: 10 | B11: 23VE1A6610 | C11: CH ANIL GOUD | D11: CH KASHANNA | E11: CH JYOTHI | F11: Male | G11: 8309892470 | H11: 9640882465 | I11: lovelyanil300@gmail.com
A12: 11 | B12: 23VE1A6611 | C12: CHEGANTI SHIVA CHARAN | D12: CHEGANTI BALARAJU | E12: CHEGANTI MANGAMMA | F12: Male | G12: 8008296938 | H12: 9959932122 | I12: shmudhiraj@gmail.com
A13: 12 | B13: 23VE1A6612 | C13: DHARAVATH RAKESH | D13: DHARAVATH VENKANNA | E13: DHARAVATH VIJAYA KUMARI | F13: Male | G13: 9063125223 | H13: 9010163826 | I13: dharavathrakesh115@gmail.com
... A67: 66 | B67: 24VE5A6602 | C67: MALTUMKAR GANESH | D67: MALTUMKAR BALAJI | E67: MALTUMKAR SUSHEELA | F67: Male | G67: 9346197482 | H67: 7013452956 | I67: ganesh101104@gmail.com
A68: 67 | B68: 24VE5A6603 | C68: RAVULA LOKESH | D68: RAVULA VENKANNA | F68: Male
A69: 68 | B69: 24VE5A6604 | C69: VAJHALA SAINANDU | D69: VAJHALA NAGENDRA PRASAD | E69: VAJHALA SARADA | F69: Male | G69: 7207006151 | H69: 9963693760 | I69: vajhalasainandu@gmail.com
A70: 69 | B70: 24VE5A6605 | C70: VALUROUTHU KARTHIKEYA | D70: VALUROUTHU SRIDHARA RAO | E70: VOLUROUTHU RAJESHWARI | F70: Male | G70: 9515310727 | H70: 9390278570 | I70: karthik5363945@gmail.com

Sheet 4-1B
A1: S.NO | B1: H.T.NO | C1: STUDENT NAME | D1: FATHER NAME | E1: MOTHER NAME | F1: GENDER | G1: ST.NO | H1: P.NO | I1: MAIL ID
A2: 1 | B2: 23VE1A6666 | C2: AAVITI VEERENDRA SIDDHARTHA | D2: AAVITI SHIVA SHANKER KUMAR | E2: AAVITI SRI LATHA | F2: Male | G2: 9959761169 | H2: 9490808152 | I2: veerendrasiddhartha@gmail.com
A3: 2 | B3: 23VE1A6667 | C3: ALAVALA SAI AKARSH REDDY | D3: ALAVALA KOTI REDDY | E3: ALAVALA RADHIKA RANI | F3: Male | G3: 8179267374 | H3: 7731861807 | I3: saiakarshalavala@gmail.com
A4: 3 | B4: 23VE1A6668 | C4: AMMIREDDY PRAVALIKA | D4: AMMIREDDY SRINU | E4: AMMIREDDY SANDHYA | F4: Female | G4: 7330866493 | H4: 9177336227 | I4: srinivasamireddy86@gmail.com
A5: 4 | B5: 23VE1A6669 | C5: ANANDULA MAHITHA | D5: A BALA KRISHNA | E5: A MAHALAXMI | F5: Female | G5: 8309442159 | H5: 9494930203 | I5: amahitha090306@gmail.com
A6: 5 | B6: 23VE1A6670 | C6: ANUGU NIKITHA | D6: A MALLA REDDY | E6: A SABITHA | F6: Female | G6: 7981322015 | H6: 9848261217 | I6: nikhithareddyanugu@gmail.com
A7: 6 | B7: 23VE1A6671 | C7: ARADONDA SIRI SHIVA RAM | D7: ARADONDA SRINIVAS | E7: ARADONDA SATHYA LAXMI | F7: Male | G7: 7659962278 | H7: 9701529928 | I7: aradondasirishivaram@gmail.com
A8: 7 | B8: 23VE1A6672 | C8: ARUTLA DHANUSH | D8: ARUTLA SURESH KUMAR | E8: ARUTLA KAVITHA | F8: Male | G8: 8790730250 | H8: 9246262729 | I8: arutladhanush1610@gmail.com
A9: 8 | B9: 23VE1A6673 | C9: BACHU ESVIN JOSHUA | D9: BACHU VINOD KUMAR | E9: ESTHER | F9: Male | G9: 9030222439 | H9: 7702222439 | I9: Joshua.esvin312@gmail.com
A10: 9 | B10: 23VE1A6674 | C10: BAIRI VENKATA KOUSHIK REDDY | D10: B VENKATESHWAR REDDY | E10: B ARUNA SRI | F10: Male | G10: 8317641081 | H10: 9573516999 | I10: koushikreddy506@gmail.com
A11: 10 | B11: 23VE1A6675 | C11: BANDA NAVEEN | D11: BANDA VENKATESH | E11: BANDA PADMA | F11: Male | G11: 9392634638 | H11: 8106546407 | I11: bandanaveen206@gmail.com
A12: 11 | B12: 23VE1A6676 | C12: BIRAM VAMSHIDHAR | D12: BIRAM MALLESH | E12: BIRAM SUNITHA | F12: Male | G12: 9493936456 | H12: 9985510951 | I12: vamshidhar022@gmail.com
A13: 12 | B13: 23VE1A6677 | C13: BOINPALLY MAHATHI | D13: B PRAVEEN KUMAR | E13: B MANJULA | F13: Female | G13: 9959104917 | H13: 9440382202 | I13: mahathiboinpally@gmail.com
... A68: 67 | B68: 24VE5A6611 | C68: SINGAM NIHAR YADAV | D68: SINGAM VENKAT YADAV | E68: SINGAM MANGA YADAV | F68: Male | G68: 6302347120 | H68: 9391478007 | I68: yadavsingamnihar@gmail.com

Sheet 4-1C
A1: S.NO | B1: H.T.NO | C1: STUDENT NAME | D1: FATHER NAME | E1: MOTHER NAME | F1: GENDER | G1: ST.NO | H1: P.NO | I1: MAIL ID
A2: 1 | B2: 23VE1A66D0 | C2: AEPOORI AAVISHK | D2: AEPOORI SRIKANTH | E2: AEPOORI SUJATHA | F2: Male | G2: 7337029634 | H2: 9393601199 | I2: aepooriaavishk2990@gmail.com
A3: 2 | B3: 23VE1A66D1 | C3: AMIT R NAIR | D3: RAJESH V NAIR | E3: REKHA RAJESH | F3: Male | G3: 9989581646 | H3: 8008993320 | I3: amitnair7965@gmail.com
A4: 3 | B4: 23VE1A66D2 | C4: ANUMULA SUSHMITHA | D4: ANUMULA VENKATESHWARLU | E4: ANUMULA RAJITHA | F4: Female | G4: 9059313231 | H4: 9951417878 | I4: anumulasai3@gmail.com
A5: 4 | B5: 23VE1A66D3 | C5: AROORI NAGARJUNA | D5: AROORI SRISAILAM | E5: AROORI DHANAMMA | F5: Male | G5: 9440886779 | H5: 9848430746 | I5: srishailam.aroori@gmail.com
A6: 5 | B6: 23VE1A66D4 | C6: BAIGARU RADHIKA | D6: BAIGARU NARSIMLU | E6: BAIGARU LAXMI | F6: Female | G6: 7799607163 | H6: 7661042511 | I6: baigaruradhika@gmail.com
A7: 6 | B7: 23VE1A66D5 | C7: BALUSU KRUTHIK | D7: BALUSU VIDYA SEKHAR | E7: BALUSU UMA MAHESWARI | F7: Male | G7: 9160663920 | H7: 9346673603 | I7: kruthikbalusu@gmail.com
A8: 7 | B8: 23VE1A66D8 | C8: BUSALA YASHWANTH KUMAR | D8: BUSALA NAGESHWARA RAO | E8: BUSALA RAMANAMMA | F8: Male | G8: 8790007590 | H8: 8790007590 | I8: yashwanthk937@gmail.com
A9: 8 | B9: 23VE1A66D9 | C9: CEKA NIKHIL GOUD | D9: CEKA SWAMY GOUD | E9: CEKA VANDANA | F9: Male | G9: 9346052586 | H9: 9849966075 | I9: goudnikhil43@gmail.com
A10: 9 | B10: 23VE1A66E2 | C10: D SRIHITHA REDDY | D10: D MADHUKAR REDDY | E10: D MADHURI | F10: Female | G10: 7780580128 | H10: 9848570071 | I10: dudipalasrihithareddy@gmail.com
A11: 10 | B11: 23VE1A66E3 | C11: DEVIDI SRIDEEP REDDY | D11: DEVIDI JAGAN MOHAN REDDY | E11: DEVIDI KAVITHA | F11: Male | G11: 7386082111 | H11: 7013335236 | I11: srideepreddy74@gmail.com
A12: 11 | B12: 23VE1A66E4 | C12: DONKENA NIHAL | D12: DONKENA SAILU | E12: DONKENA MADHAVI | F12: Male | G12: 7207784445 | H12: 7989290481 | I12: ndonkena@gmail.com
A13: 12 | B13: 23VE1A66E5 | C13: DUBBA ARCHANA | D13: DUBBA BIKSHAM | E13: DUBBA JYOTHI | F13: Female | G13: 7207811898 | H13: 9121865250 | I13: Archanadubba@gmail.com
... A61: 60 | B61: 24VE5A6616 | C61: UTKURI VIGNESH | D61: UTKURI RAJU | E61: UTKURI RAJESHWARI | F61: Male | G61: 8465888501 | H61: 9573455129 | I61: vigneshutkuri@gmail.com
